method,algorithm,seed,ARI,NMI,n_eval,V,E,components,runtime_sec,prep_time,community_time,removed_lrc,removed_orc,pct_lrc,pct_orc,alpha,iterations,cutoff_lrc,cutoff_orc,lrc_pct,orc_pct,status,error
LRC→ORC combo,louvain,0,0.5195418864651266,0.7512914335017138,298,298,1159,1,1.6089351660339162,1.5895573750021867,0.01937779103172943,0,0,0,0,0.25,5,,,0,0,ok,
LRC→ORC combo,louvain,1,0.5195418864651266,0.7512914335017137,298,298,1159,1,1.6047617500298657,1.5895573750021867,0.015204375027678907,0,0,0,0,0.25,5,,,0,0,ok,
LRC→ORC combo,louvain,2,0.5195418864651266,0.7512914335017138,298,298,1159,1,1.6048911670222878,1.5895573750021867,0.0153337920201011,0,0,0,0,0.25,5,,,0,0,ok,
LRC→ORC combo,louvain,3,0.5195418864651266,0.7512914335017138,298,298,1159,1,1.6033516669995151,1.5895573750021867,0.0137942919973284,0,0,0,0,0.25,5,,,0,0,ok,
LRC→ORC combo,louvain,4,0.5195418864651266,0.7512914335017138,298,298,1159,1,1.603362166963052,1.5895573750021867,0.01380479196086526,0,0,0,0,0.25,5,,,0,0,ok,
LRC→ORC combo,louvain,42,0.5195418864651266,0.7512914335017138,298,298,1159,1,1.6056383340037428,1.5895573750021867,0.01608095900155604,0,0,0,0,0.25,5,,,0,0,ok,
LRC→ORC combo,louvain,0,0.5195418864651266,0.7512914335017136,298,298,1135,1,1.4190324169467203,1.404574166983366,0.01445824996335432,0,24,0,2,0.25,5,,-0.1608663698253736,0,2,ok,
LRC→ORC combo,louvain,1,0.5195418864651266,0.7512914335017136,298,298,1135,1,1.4186857920140028,1.404574166983366,0.014111625030636787,0,24,0,2,0.25,5,,-0.1608663698253736,0,2,ok,
LRC→ORC combo,louvain,2,0.5195418864651266,0.7512914335017136,298,298,1135,1,1.420165499963332,1.404574166983366,0.015591332979965955,0,24,0,2,0.25,5,,-0.1608663698253736,0,2,ok,
LRC→ORC combo,louvain,3,0.5195418864651266,0.7512914335017136,298,298,1135,1,1.4189287499757484,1.404574166983366,0.014354582992382348,0,24,0,2,0.25,5,,-0.1608663698253736,0,2,ok,
LRC→ORC combo,louvain,4,0.5195418864651266,0.7512914335017138,298,298,1135,1,1.4183761249878444,1.404574166983366,0.013801958004478365,0,24,0,2,0.25,5,,-0.1608663698253736,0,2,ok,
LRC→ORC combo,louvain,42,0.5190990961508857,0.7511642707009084,298,298,1135,1,1.4186301259906031,1.404574166983366,0.014055959007237107,0,24,0,2,0.25,5,,-0.1608663698253736,0,2,ok,
LRC→ORC combo,louvain,0,0.5195418864651266,0.7512914335017138,298,298,1101,1,1.4257680830196477,1.4115016250289045,0.01426645799074322,0,58,0,5,0.25,5,,-0.13067759650823463,0,5,ok,
LRC→ORC combo,louvain,1,0.5195418864651266,0.7512914335017136,298,298,1101,1,1.4245615000254475,1.4115016250289045,0.01305987499654293,0,58,0,5,0.25,5,,-0.13067759650823463,0,5,ok,
LRC→ORC combo,louvain,2,0.5190990961508857,0.7511642707009086,298,298,1101,1,1.4250190000166185,1.4115016250289045,0.013517374987713993,0,58,0,5,0.25,5,,-0.13067759650823463,0,5,ok,
LRC→ORC combo,louvain,3,0.5195418864651266,0.7512914335017138,298,298,1101,1,1.4276092080399394,1.4115016250289045,0.016107583011034876,0,58,0,5,0.25,5,,-0.13067759650823463,0,5,ok,
LRC→ORC combo,louvain,4,0.5195418864651266,0.7512914335017138,298,298,1101,1,1.4263030840666033,1.4115016250289045,0.014801459037698805,0,58,0,5,0.25,5,,-0.13067759650823463,0,5,ok,
LRC→ORC combo,louvain,42,0.5190990961508857,0.7511642707009085,298,298,1101,1,1.4235120410448872,1.4115016250289045,0.012010416015982628,0,58,0,5,0.25,5,,-0.13067759650823463,0,5,ok,
LRC→ORC combo,louvain,0,0.35184841612923984,0.6257557372654557,219,219,767,1,1.4298563750344329,1.4195085419923998,0.010347833042033017,0,116,0,10,0.25,5,,-0.1115168838798319,0,10,ok,
LRC→ORC combo,louvain,1,0.35184841612923984,0.6257557372654557,219,219,767,1,1.4294981250423007,1.4195085419923998,0.00998958304990083,0,116,0,10,0.25,5,,-0.1115168838798319,0,10,ok,
LRC→ORC combo,louvain,2,0.36712899162447,0.6391525618858686,219,219,767,1,1.4314836250268854,1.4195085419923998,0.011975083034485579,0,116,0,10,0.25,5,,-0.1115168838798319,0,10,ok,
LRC→ORC combo,louvain,3,0.35184841612923984,0.6257557372654557,219,219,767,1,1.432781666982919,1.4195085419923998,0.013273124990519136,0,116,0,10,0.25,5,,-0.1115168838798319,0,10,ok,
LRC→ORC combo,louvain,4,0.35184841612923984,0.6257557372654557,219,219,767,1,1.428848041978199,1.4195085419923998,0.009339499985799193,0,116,0,10,0.25,5,,-0.1115168838798319,0,10,ok,
LRC→ORC combo,louvain,42,0.35184841612923984,0.6257557372654557,219,219,767,1,1.4322420840035193,1.4195085419923998,0.012733542011119425,0,116,0,10,0.25,5,,-0.1115168838798319,0,10,ok,
LRC→ORC combo,louvain,0,0.7157187136809224,0.8179927400425264,244,244,941,1,1.1444079159991816,1.1322807079995982,0.012127207999583334,24,0,2,0,0.25,5,-1.5351397849462365,,2,0,ok,
LRC→ORC combo,louvain,1,0.7157187136809224,0.8179927400425264,244,244,941,1,1.1455329160089605,1.1322807079995982,0.01325220800936222,24,0,2,0,0.25,5,-1.5351397849462365,,2,0,ok,
LRC→ORC combo,louvain,2,0.7157187136809224,0.8179927400425263,244,244,941,1,1.1441720000002533,1.1322807079995982,0.011891292000655085,24,0,2,0,0.25,5,-1.5351397849462365,,2,0,ok,
LRC→ORC combo,louvain,3,0.7157187136809224,0.8179927400425264,244,244,941,1,1.1457912919577211,1.1322807079995982,0.01351058395812288,24,0,2,0,0.25,5,-1.5351397849462365,,2,0,ok,
LRC→ORC combo,louvain,4,0.7157187136809224,0.8179927400425264,244,244,941,1,1.1453127920394763,1.1322807079995982,0.0130320840398781,24,0,2,0,0.25,5,-1.5351397849462365,,2,0,ok,
LRC→ORC combo,louvain,42,0.7157187136809224,0.8179927400425264,244,244,941,1,1.143073541985359,1.1322807079995982,0.010792833985760808,24,0,2,0,0.25,5,-1.5351397849462365,,2,0,ok,
LRC→ORC combo,louvain,0,0.7157187136809224,0.8179927400425263,244,244,922,1,1.140242290974129,1.1259395409724675,0.01430275000166148,24,19,2,2,0.25,5,-1.5351397849462365,-0.18356365488675208,2,2,ok,
LRC→ORC combo,louvain,1,0.7157187136809224,0.8179927400425264,244,244,922,1,1.1365910829626955,1.1259395409724675,0.010651541990227997,24,19,2,2,0.25,5,-1.5351397849462365,-0.18356365488675208,2,2,ok,
LRC→ORC combo,louvain,2,0.7157187136809224,0.8179927400425264,244,244,922,1,1.1370192079921253,1.1259395409724675,0.01107966701965779,24,19,2,2,0.25,5,-1.5351397849462365,-0.18356365488675208,2,2,ok,
LRC→ORC combo,louvain,3,0.7157187136809224,0.8179927400425264,244,244,922,1,1.1379095409647562,1.1259395409724675,0.011969999992288649,24,19,2,2,0.25,5,-1.5351397849462365,-0.18356365488675208,2,2,ok,
LRC→ORC combo,louvain,4,0.7157187136809224,0.8179927400425264,244,244,922,1,1.1407314999378286,1.1259395409724675,0.014791958965361118,24,19,2,2,0.25,5,-1.5351397849462365,-0.18356365488675208,2,2,ok,
LRC→ORC combo,louvain,42,0.7157187136809224,0.8179927400425264,244,244,922,1,1.1379757499671541,1.1259395409724675,0.012036208994686604,24,19,2,2,0.25,5,-1.5351397849462365,-0.18356365488675208,2,2,ok,
LRC→ORC combo,louvain,0,0.6027368804088513,0.7747817451853475,244,244,893,1,1.2171421669772826,1.204762874986045,0.012379291991237551,24,48,2,5,0.25,5,-1.5351397849462365,-0.13123520411815637,2,5,ok,
LRC→ORC combo,louvain,1,0.6027368804088513,0.7747817451853474,244,244,893,1,1.2151680419920012,1.204762874986045,0.010405167005956173,24,48,2,5,0.25,5,-1.5351397849462365,-0.13123520411815637,2,5,ok,
LRC→ORC combo,louvain,2,0.6027368804088513,0.7747817451853475,244,244,893,1,1.2160809580236673,1.204762874986045,0.011318083037622273,24,48,2,5,0.25,5,-1.5351397849462365,-0.13123520411815637,2,5,ok,
LRC→ORC combo,louvain,3,0.6027368804088513,0.7747817451853475,244,244,893,1,1.2155497079365887,1.204762874986045,0.010786832950543612,24,48,2,5,0.25,5,-1.5351397849462365,-0.13123520411815637,2,5,ok,
LRC→ORC combo,louvain,4,0.6027368804088513,0.7747817451853474,244,244,893,1,1.2169593339785933,1.204762874986045,0.012196458992548287,24,48,2,5,0.25,5,-1.5351397849462365,-0.13123520411815637,2,5,ok,
LRC→ORC combo,louvain,42,0.6027368804088513,0.7747817451853475,244,244,893,1,1.2147622919874266,1.204762874986045,0.009999417001381516,24,48,2,5,0.25,5,-1.5351397849462365,-0.13123520411815637,2,5,ok,
LRC→ORC combo,louvain,0,0.48981194076888657,0.6802116470629613,175,175,597,1,1.1531488739419729,1.1453272909857333,0.007821582956239581,24,95,2,10,0.25,5,-1.5351397849462365,-0.09762637944898644,2,10,ok,
LRC→ORC combo,louvain,1,0.48981194076888657,0.6802116470629612,175,175,597,1,1.1530104569974355,1.1453272909857333,0.007683166011702269,24,95,2,10,0.25,5,-1.5351397849462365,-0.09762637944898644,2,10,ok,
LRC→ORC combo,louvain,2,0.48981194076888657,0.6802116470629612,175,175,597,1,1.1547819999977946,1.1453272909857333,0.009454709012061357,24,95,2,10,0.25,5,-1.5351397849462365,-0.09762637944898644,2,10,ok,
LRC→ORC combo,louvain,3,0.48981194076888657,0.6802116470629611,175,175,597,1,1.1537094580125995,1.1453272909857333,0.008382167026866227,24,95,2,10,0.25,5,-1.5351397849462365,-0.09762637944898644,2,10,ok,
LRC→ORC combo,louvain,4,0.5084679399145123,0.6880254471132554,175,175,597,1,1.153254582954105,1.1453272909857333,0.007927291968371719,24,95,2,10,0.25,5,-1.5351397849462365,-0.09762637944898644,2,10,ok,
LRC→ORC combo,louvain,42,0.48981194076888657,0.6802116470629613,175,175,597,1,1.1544712490285747,1.1453272909857333,0.009143958042841405,24,95,2,10,0.25,5,-1.5351397849462365,-0.09762637944898644,2,10,ok,
LRC→ORC combo,louvain,0,0.5975373109143391,0.7640158647053924,244,244,919,1,1.151272416987922,1.1388951250119135,0.012377291976008564,58,0,5,0,0.25,5,-1.371648745519713,,5,0,ok,
LRC→ORC combo,louvain,1,0.6050582815914066,0.7716989678268259,244,244,919,1,1.1492742920527235,1.1388951250119135,0.010379167040809989,58,0,5,0,0.25,5,-1.371648745519713,,5,0,ok,
LRC→ORC combo,louvain,2,0.6050582815914066,0.7716989678268258,244,244,919,1,1.1497259580064565,1.1388951250119135,0.010830832994543016,58,0,5,0,0.25,5,-1.371648745519713,,5,0,ok,
LRC→ORC combo,louvain,3,0.6050582815914066,0.7716989678268259,244,244,919,1,1.152259124966804,1.1388951250119135,0.01336399995489046,58,0,5,0,0.25,5,-1.371648745519713,,5,0,ok,
LRC→ORC combo,louvain,4,0.6018349976939206,0.7708257641081214,244,244,919,1,1.1523098750039935,1.1388951250119135,0.013414749992080033,58,0,5,0,0.25,5,-1.371648745519713,,5,0,ok,
LRC→ORC combo,louvain,42,0.6050582815914066,0.7716989678268259,244,244,919,1,1.149621875025332,1.1388951250119135,0.010726750013418496,58,0,5,0,0.25,5,-1.371648745519713,,5,0,ok,
LRC→ORC combo,louvain,0,0.7141388645425052,0.8131590828725387,244,244,900,1,1.2655002079554833,1.2535063329851255,0.011993874970357865,58,19,5,2,0.25,5,-1.371648745519713,-0.1369746076228057,5,2,ok,
LRC→ORC combo,louvain,1,0.6070196592171683,0.7722307101249271,244,244,900,1,1.2651414159918204,1.2535063329851255,0.011635083006694913,58,19,5,2,0.25,5,-1.371648745519713,-0.1369746076228057,5,2,ok,
LRC→ORC combo,louvain,2,0.7141388645425052,0.8131590828725387,244,244,900,1,1.264299791015219,1.2535063329851255,0.010793458030093461,58,19,5,2,0.25,5,-1.371648745519713,-0.1369746076228057,5,2,ok,
LRC→ORC combo,louvain,3,0.7141388645425052,0.8131590828725387,244,244,900,1,1.2669738329714164,1.2535063329851255,0.013467499986290932,58,19,5,2,0.25,5,-1.371648745519713,-0.1369746076228057,5,2,ok,
LRC→ORC combo,louvain,4,0.7141388645425052,0.8131590828725387,244,244,900,1,1.26949345797766,1.2535063329851255,0.015987124992534518,58,19,5,2,0.25,5,-1.371648745519713,-0.1369746076228057,5,2,ok,
LRC→ORC combo,louvain,42,0.6070196592171683,0.7722307101249268,244,244,900,1,1.2659742920077406,1.2535063329851255,0.012467959022615105,58,19,5,2,0.25,5,-1.371648745519713,-0.1369746076228057,5,2,ok,
LRC→ORC combo,louvain,0,0.6099481901251881,0.7725056238584118,244,244,873,1,1.1493622499983758,1.1370297080138698,0.012332541984505951,58,46,5,5,0.25,5,-1.371648745519713,-0.1209293517417253,5,5,ok,
LRC→ORC combo,louvain,1,0.6099481901251881,0.7725056238584119,244,244,873,1,1.1474715000367723,1.1370297080138698,0.010441792022902519,58,46,5,5,0.25,5,-1.371648745519713,-0.1209293517417253,5,5,ok,
LRC→ORC combo,louvain,2,0.6099481901251881,0.7725056238584119,244,244,873,1,1.1460807080147788,1.1370297080138698,0.00905100000090897,58,46,5,5,0.25,5,-1.371648745519713,-0.1209293517417253,5,5,ok,
LRC→ORC combo,louvain,3,0.6099481901251881,0.7725056238584119,244,244,873,1,1.1481558750383556,1.1370297080138698,0.011126167024485767,58,46,5,5,0.25,5,-1.371648745519713,-0.1209293517417253,5,5,ok,
LRC→ORC combo,louvain,4,0.6099481901251881,0.7725056238584118,244,244,873,1,1.1483887499780394,1.1370297080138698,0.011359041964169592,58,46,5,5,0.25,5,-1.371648745519713,-0.1209293517417253,5,5,ok,
LRC→ORC combo,louvain,42,0.6099481901251881,0.7725056238584119,244,244,873,1,1.1471353740198538,1.1370297080138698,0.010105666005983949,58,46,5,5,0.25,5,-1.371648745519713,-0.1209293517417253,5,5,ok,
LRC→ORC combo,louvain,0,0.4990875536834017,0.6869273355838252,172,172,579,1,1.152197332936339,1.1444569999584928,0.007740332977846265,58,92,5,10,0.25,5,-1.371648745519713,-0.08806521202620314,5,10,ok,
LRC→ORC combo,louvain,1,0.4990875536834017,0.686927335583825,172,172,579,1,1.151697416906245,1.1444569999584928,0.007240416947752237,58,92,5,10,0.25,5,-1.371648745519713,-0.08806521202620314,5,10,ok,
LRC→ORC combo,louvain,2,0.4990875536834017,0.686927335583825,172,172,579,1,1.1515089579625055,1.1444569999584928,0.007051958004012704,58,92,5,10,0.25,5,-1.371648745519713,-0.08806521202620314,5,10,ok,
LRC→ORC combo,louvain,3,0.5179483549359373,0.6949791111029346,172,172,579,1,1.1522343749529682,1.1444569999584928,0.0077773749944753945,58,92,5,10,0.25,5,-1.371648745519713,-0.08806521202620314,5,10,ok,
LRC→ORC combo,louvain,4,0.4990875536834017,0.686927335583825,172,172,579,1,1.1516014999360777,1.1444569999584928,0.007144499977584928,58,92,5,10,0.25,5,-1.371648745519713,-0.08806521202620314,5,10,ok,
LRC→ORC combo,louvain,42,0.5235383197669299,0.697636546689633,172,172,579,1,1.1540800419752486,1.1444569999584928,0.00962304201675579,58,92,5,10,0.25,5,-1.371648745519713,-0.08806521202620314,5,10,ok,
LRC→ORC combo,louvain,0,0.6291968848322291,0.7494165964487385,147,147,556,1,0.7767909580143169,0.7707312499987893,0.006059708015527576,116,0,10,0,0.25,5,-1.1903386372909015,,10,0,ok,
LRC→ORC combo,louvain,1,0.6291968848322291,0.7494165964487386,147,147,556,1,0.7783612079801969,0.7707312499987893,0.007629957981407642,116,0,10,0,0.25,5,-1.1903386372909015,,10,0,ok,
LRC→ORC combo,louvain,2,0.6291968848322291,0.7494165964487385,147,147,556,1,0.7801228750031441,0.7707312499987893,0.009391625004354864,116,0,10,0,0.25,5,-1.1903386372909015,,10,0,ok,
LRC→ORC combo,louvain,3,0.61269269161487,0.7421558243531042,147,147,556,1,0.7784580419538543,0.7707312499987893,0.007726791955064982,116,0,10,0,0.25,5,-1.1903386372909015,,10,0,ok,
LRC→ORC combo,louvain,4,0.61269269161487,0.7421558243531043,147,147,556,1,0.7778574170079082,0.7707312499987893,0.007126167009118944,116,0,10,0,0.25,5,-1.1903386372909015,,10,0,ok,
LRC→ORC combo,louvain,42,0.61269269161487,0.7421558243531042,147,147,556,1,0.782826250011567,0.7707312499987893,0.012095000012777746,116,0,10,0,0.25,5,-1.1903386372909015,,10,0,ok,
LRC→ORC combo,louvain,0,0.6291968848322291,0.7494165964487385,147,147,543,1,0.779047374962829,0.7712167499703355,0.00783062499249354,116,13,10,2,0.25,5,-1.1903386372909015,-0.19420072234015429,10,2,ok,
LRC→ORC combo,louvain,1,0.5858377117428881,0.7190536047186457,147,147,543,1,0.7775575409759767,0.7712167499703355,0.006340791005641222,116,13,10,2,0.25,5,-1.1903386372909015,-0.19420072234015429,10,2,ok,
LRC→ORC combo,louvain,2,0.61269269161487,0.7421558243531042,147,147,543,1,0.7775853339699097,0.7712167499703355,0.006368583999574184,116,13,10,2,0.25,5,-1.1903386372909015,-0.19420072234015429,10,2,ok,
LRC→ORC combo,louvain,3,0.61269269161487,0.7421558243531042,147,147,543,1,0.7811557919485494,0.7712167499703355,0.009939041978213936,116,13,10,2,0.25,5,-1.1903386372909015,-0.19420072234015429,10,2,ok,
LRC→ORC combo,louvain,4,0.61269269161487,0.7421558243531042,147,147,543,1,0.7775247499812394,0.7712167499703355,0.006308000010903925,116,13,10,2,0.25,5,-1.1903386372909015,-0.19420072234015429,10,2,ok,
LRC→ORC combo,louvain,42,0.61269269161487,0.7421558243531043,147,147,543,1,0.7776330829365179,0.7712167499703355,0.006416332966182381,116,13,10,2,0.25,5,-1.1903386372909015,-0.19420072234015429,10,2,ok,
LRC→ORC combo,louvain,0,0.6467259982960468,0.765139692519803,147,147,528,1,0.774495542049408,0.766635584004689,0.007859958044718951,116,28,10,5,0.25,5,-1.1903386372909015,-0.12376934520324251,10,5,ok,
LRC→ORC combo,louvain,1,0.6197899786343257,0.7416705636441691,147,147,528,1,0.7722815420129336,0.766635584004689,0.005645958008244634,116,28,10,5,0.25,5,-1.1903386372909015,-0.12376934520324251,10,5,ok,
LRC→ORC combo,louvain,2,0.6467259982960468,0.765139692519803,147,147,528,1,0.7735080840066075,0.766635584004689,0.0068725000019185245,116,28,10,5,0.25,5,-1.1903386372909015,-0.12376934520324251,10,5,ok,
LRC→ORC combo,louvain,3,0.6467259982960468,0.765139692519803,147,147,528,1,0.7735554180108011,0.766635584004689,0.006919834006112069,116,28,10,5,0.25,5,-1.1903386372909015,-0.12376934520324251,10,5,ok,
LRC→ORC combo,louvain,4,0.6467259982960468,0.7651396925198028,147,147,528,1,0.7723646250087768,0.766635584004689,0.005729041004087776,116,28,10,5,0.25,5,-1.1903386372909015,-0.12376934520324251,10,5,ok,
LRC→ORC combo,louvain,42,0.6467259982960468,0.7651396925198028,147,147,528,1,0.7726781680248678,0.766635584004689,0.006042584020178765,116,28,10,5,0.25,5,-1.1903386372909015,-0.12376934520324251,10,5,ok,
LRC→ORC combo,louvain,0,0.13639519291427193,0.3467403965210799,51,51,171,1,0.7642344999476336,0.7619074579561129,0.002327041991520673,116,56,10,10,0.25,5,-1.1903386372909015,-0.08508798146913987,10,10,ok,
LRC→ORC combo,louvain,1,0.265684098494825,0.39247011369261553,51,51,171,1,0.7639072079327889,0.7619074579561129,0.0019997499766759574,116,56,10,10,0.25,5,-1.1903386372909015,-0.08508798146913987,10,10,ok,
LRC→ORC combo,louvain,2,0.27916109484232443,0.4095532790011947,51,51,171,1,0.7637044159928337,0.7619074579561129,0.0017969580367207527,116,56,10,10,0.25,5,-1.1903386372909015,-0.08508798146913987,10,10,ok,
LRC→ORC combo,louvain,3,0.13709000490964665,0.3250514124224037,51,51,171,1,0.7639800829347223,0.7619074579561129,0.002072624978609383,116,56,10,10,0.25,5,-1.1903386372909015,-0.08508798146913987,10,10,ok,
LRC→ORC combo,louvain,4,0.13709000490964665,0.3250514124224037,51,51,171,1,0.7639810409746133,0.7619074579561129,0.002073583018500358,116,56,10,10,0.25,5,-1.1903386372909015,-0.08508798146913987,10,10,ok,
LRC→ORC combo,louvain,42,0.27916109484232443,0.40955327900119476,51,51,171,1,0.7637215829454362,0.7619074579561129,0.001814124989323318,116,56,10,10,0.25,5,-1.1903386372909015,-0.08508798146913987,10,10,ok,
LRC→ORC combo,louvain,0,0.5327419548853696,0.6449089178305677,81,81,321,1,0.5463992489967495,0.5426726659643464,0.0037265830324031413,176,0,15,0,0.25,5,-1.0961538461538463,,15,0,ok,
LRC→ORC combo,louvain,1,0.49908308458377393,0.628081878070736,81,81,321,1,0.5463671659235843,0.5426726659643464,0.0036944999592378736,176,0,15,0,0.25,5,-1.0961538461538463,,15,0,ok,
LRC→ORC combo,louvain,2,0.5327419548853696,0.6449089178305678,81,81,321,1,0.5464226239710115,0.5426726659643464,0.0037499580066651106,176,0,15,0,0.25,5,-1.0961538461538463,,15,0,ok,
LRC→ORC combo,louvain,3,0.49908308458377393,0.628081878070736,81,81,321,1,0.5461475409683771,0.5426726659643464,0.003474875004030764,176,0,15,0,0.25,5,-1.0961538461538463,,15,0,ok,
LRC→ORC combo,louvain,4,0.5327419548853696,0.6449089178305678,81,81,321,1,0.5467659579589963,0.5426726659643464,0.004093291994649917,176,0,15,0,0.25,5,-1.0961538461538463,,15,0,ok,
LRC→ORC combo,louvain,42,0.5327419548853696,0.6449089178305678,81,81,321,1,0.5456650829291902,0.5426726659643464,0.002992416964843869,176,0,15,0,0.25,5,-1.0961538461538463,,15,0,ok,
LRC→ORC combo,louvain,0,0.5327419548853696,0.6449089178305678,81,81,314,1,0.5348512920318171,0.531303542025853,0.0035477500059641898,176,7,15,2,0.25,5,-1.0961538461538463,-0.21115554272494796,15,2,ok,
LRC→ORC combo,louvain,1,0.5280510211323446,0.6311122853730559,81,81,314,1,0.5351623750175349,0.531303542025853,0.003858832991681993,176,7,15,2,0.25,5,-1.0961538461538463,-0.21115554272494796,15,2,ok,
LRC→ORC combo,louvain,2,0.5327419548853696,0.6449089178305677,81,81,314,1,0.5350588340079412,0.531303542025853,0.003755291982088238,176,7,15,2,0.25,5,-1.0961538461538463,-0.21115554272494796,15,2,ok,
LRC→ORC combo,louvain,3,0.49908308458377393,0.628081878070736,81,81,314,1,0.5350007920060307,0.531303542025853,0.0036972499801777303,176,7,15,2,0.25,5,-1.0961538461538463,-0.21115554272494796,15,2,ok,
LRC→ORC combo,louvain,4,0.5327419548853696,0.6449089178305677,81,81,314,1,0.5346446670009755,0.531303542025853,0.0033411249751225114,176,7,15,2,0.25,5,-1.0961538461538463,-0.21115554272494796,15,2,ok,
LRC→ORC combo,louvain,42,0.5568364176826347,0.6348825320828155,81,81,314,1,0.534685917024035,0.531303542025853,0.0033823749981820583,176,7,15,2,0.25,5,-1.0961538461538463,-0.21115554272494796,15,2,ok,
LRC→ORC combo,louvain,0,0.5628429975440618,0.6469148465117898,81,81,304,1,0.5389702090178616,0.5356395000126213,0.003330709005240351,176,17,15,5,0.25,5,-1.0961538461538463,-0.14997383510983453,15,5,ok,
LRC→ORC combo,louvain,1,0.5315178211747731,0.6568081265937044,81,81,304,1,0.5386566669913009,0.5356395000126213,0.0030171669786795974,176,17,15,5,0.25,5,-1.0961538461538463,-0.14997383510983453,15,5,ok,
LRC→ORC combo,louvain,2,0.546694598852877,0.6485771590068088,81,81,304,1,0.5388890419853851,0.5356395000126213,0.0032495419727638364,176,17,15,5,0.25,5,-1.0961538461538463,-0.14997383510983453,15,5,ok,
LRC→ORC combo,louvain,3,0.5443139960137019,0.6610204439820234,81,81,304,1,0.5385792910237797,0.5356395000126213,0.002939791011158377,176,17,15,5,0.25,5,-1.0961538461538463,-0.14997383510983453,15,5,ok,
LRC→ORC combo,louvain,4,0.4736014059464886,0.610786484885487,81,81,304,1,0.5388854999910109,0.5356395000126213,0.003245999978389591,176,17,15,5,0.25,5,-1.0961538461538463,-0.14997383510983453,15,5,ok,
LRC→ORC combo,louvain,42,0.49908308458377393,0.628081878070736,81,81,304,1,0.5393602499971166,0.5356395000126213,0.0037207499844953418,176,17,15,5,0.25,5,-1.0961538461538463,-0.14997383510983453,15,5,ok,
LRC→ORC combo,louvain,0,0.1809401548767707,0.3633152568089178,51,51,176,1,0.5390934580354951,0.5366440000361763,0.002449457999318838,176,33,15,10,0.25,5,-1.0961538461538463,-0.10680419010483932,15,10,ok,
LRC→ORC combo,louvain,1,0.0981553573066256,0.31738426531115804,51,51,176,1,0.5385412920149975,0.5366440000361763,0.0018972919788211584,176,33,15,10,0.25,5,-1.0961538461538463,-0.10680419010483932,15,10,ok,
LRC→ORC combo,louvain,2,0.0981553573066256,0.31738426531115804,51,51,176,1,0.5387040420318954,0.5366440000361763,0.002060041995719075,176,33,15,10,0.25,5,-1.0961538461538463,-0.10680419010483932,15,10,ok,
LRC→ORC combo,louvain,3,0.0981553573066256,0.31738426531115804,51,51,176,1,0.538708417036105,0.5366440000361763,0.0020644169999286532,176,33,15,10,0.25,5,-1.0961538461538463,-0.10680419010483932,15,10,ok,
LRC→ORC combo,louvain,4,0.19420221390906886,0.3738987566216307,51,51,176,1,0.5387127920403145,0.5366440000361763,0.0020687920041382313,176,33,15,10,0.25,5,-1.0961538461538463,-0.10680419010483932,15,10,ok,
LRC→ORC combo,louvain,42,0.1809401548767707,0.3633152568089178,51,51,176,1,0.5384808329981752,0.5366440000361763,0.00183683296199888,176,33,15,10,0.25,5,-1.0961538461538463,-0.10680419010483932,15,10,ok,
LRC→ORC combo,louvain,0,0.017798513910489026,0.05557524296967721,64,64,187,1,0.37581045902334154,0.37270275002811104,0.003107708995230496,235,0,20,0,0.25,5,-1.0125000000000002,,20,0,ok,
LRC→ORC combo,louvain,1,0.017798513910489026,0.05557524296967721,64,64,187,1,0.3749777920311317,0.37270275002811104,0.002275042003020644,235,0,20,0,0.25,5,-1.0125000000000002,,20,0,ok,
LRC→ORC combo,louvain,2,0.017146776406035666,0.05510292552436666,64,64,187,1,0.3761734170257114,0.37270275002811104,0.003470666997600347,235,0,20,0,0.25,5,-1.0125000000000002,,20,0,ok,
LRC→ORC combo,louvain,3,0.023215188709603273,0.06351065023421522,64,64,187,1,0.3754722920130007,0.37270275002811104,0.0027695419848896563,235,0,20,0,0.25,5,-1.0125000000000002,,20,0,ok,
LRC→ORC combo,louvain,4,0.017146776406035666,0.05510292552436666,64,64,187,1,0.37502500001573935,0.37270275002811104,0.002322249987628311,235,0,20,0,0.25,5,-1.0125000000000002,,20,0,ok,
LRC→ORC combo,louvain,42,0.017798513910489026,0.05557524296967721,64,64,187,1,0.37518245802493766,0.37270275002811104,0.002479707996826619,235,0,20,0,0.25,5,-1.0125000000000002,,20,0,ok,
LRC→ORC combo,louvain,0,0.0215126505209038,0.06228305986278041,64,64,183,1,0.3816886249696836,0.3779569589532912,0.00373166601639241,235,4,20,2,0.25,5,-1.0125000000000002,-0.22780251253526063,20,2,ok,
LRC→ORC combo,louvain,1,0.0215126505209038,0.06228305986278041,64,64,183,1,0.3805276259663515,0.3779569589532912,0.0025706670130603015,235,4,20,2,0.25,5,-1.0125000000000002,-0.22780251253526063,20,2,ok,
LRC→ORC combo,louvain,2,0.020861312561554303,0.06182411446902269,64,64,183,1,0.38049820897867903,0.3779569589532912,0.0025412500253878534,235,4,20,2,0.25,5,-1.0125000000000002,-0.22780251253526063,20,2,ok,
LRC→ORC combo,louvain,3,0.01993090619186819,0.06117804417501692,64,64,183,1,0.38121816696366295,0.3779569589532912,0.0032612080103717744,235,4,20,2,0.25,5,-1.0125000000000002,-0.22780251253526063,20,2,ok,
LRC→ORC combo,louvain,4,0.020861312561554303,0.06182411446902269,64,64,183,1,0.38002266694093123,0.3779569589532912,0.002065707987640053,235,4,20,2,0.25,5,-1.0125000000000002,-0.22780251253526063,20,2,ok,
LRC→ORC combo,louvain,42,0.0215126505209038,0.06228305986278041,64,64,183,1,0.38047725096112117,0.3779569589532912,0.002520292007829994,235,4,20,2,0.25,5,-1.0125000000000002,-0.22780251253526063,20,2,ok,
LRC→ORC combo,louvain,0,0.0157165128723718,0.053332198336787005,64,64,177,1,0.3771570000099018,0.3748922499944456,0.0022647500154562294,235,10,20,5,0.25,5,-1.0125000000000002,-0.1729389476116484,20,5,ok,
LRC→ORC combo,louvain,1,0.03023094459312122,0.06911514266034911,64,64,177,1,0.3771706669940613,0.3748922499944456,0.002278416999615729,235,10,20,5,0.25,5,-1.0125000000000002,-0.1729389476116484,20,5,ok,
LRC→ORC combo,louvain,2,0.0157165128723718,0.053332198336787005,64,64,177,1,0.3769730409840122,0.3748922499944456,0.0020807909895665944,235,10,20,5,0.25,5,-1.0125000000000002,-0.1729389476116484,20,5,ok,
LRC→ORC combo,louvain,3,0.0157165128723718,0.053332198336787005,64,64,177,1,0.3770765840308741,0.3748922499944456,0.0021843340364284813,235,10,20,5,0.25,5,-1.0125000000000002,-0.1729389476116484,20,5,ok,
LRC→ORC combo,louvain,4,0.021572344074374944,0.05722913344651926,64,64,177,1,0.37714799999957904,0.3748922499944456,0.00225575000513345,235,10,20,5,0.25,5,-1.0125000000000002,-0.1729389476116484,20,5,ok,
LRC→ORC combo,louvain,42,0.021572344074374944,0.05722913344651926,64,64,177,1,0.37716912501491606,0.3748922499944456,0.00227687502047047,235,10,20,5,0.25,5,-1.0125000000000002,-0.1729389476116484,20,5,ok,
LRC→ORC combo,louvain,0,0.01476984024458511,0.04679756766222916,64,64,168,1,0.37265695800306275,0.37033633299870417,0.0023206250043585896,235,19,20,10,0.25,5,-1.0125000000000002,-0.1522314788692837,20,10,ok,
LRC→ORC combo,louvain,1,0.022360306924633998,0.055935940312017526,64,64,168,1,0.37225970794679597,0.37033633299870417,0.001923374948091805,235,19,20,10,0.25,5,-1.0125000000000002,-0.1522314788692837,20,10,ok,
LRC→ORC combo,louvain,2,0.01476984024458511,0.04679756766222916,64,64,168,1,0.37233620800543576,0.37033633299870417,0.0019998750067315996,235,19,20,10,0.25,5,-1.0125000000000002,-0.1522314788692837,20,10,ok,
LRC→ORC combo,louvain,3,0.01476984024458511,0.04679756766222916,64,64,168,1,0.37260858301306143,0.37033633299870417,0.002272250014357269,235,19,20,10,0.25,5,-1.0125000000000002,-0.1522314788692837,20,10,ok,
LRC→ORC combo,louvain,4,0.01476984024458511,0.04679756766222916,64,64,168,1,0.3723192499601282,0.37033633299870417,0.0019829169614240527,235,19,20,10,0.25,5,-1.0125000000000002,-0.1522314788692837,20,10,ok,
LRC→ORC combo,louvain,42,0.024682413176834277,0.05588339163832021,64,64,168,1,0.37253745802445337,0.37033633299870417,0.0022011250257492065,235,19,20,10,0.25,5,-1.0125000000000002,-0.1522314788692837,20,10,ok,
LRC→ORC combo,louvain,0,0.5153181043761436,0.7433234872352597,298,298,1159,1,1.5229918760014698,1.5086261670221575,0.01436570897931233,0,0,0,0,0.5,5,,,0,0,ok,
LRC→ORC combo,louvain,1,0.5153181043761436,0.7433234872352597,298,298,1159,1,1.5237822510534897,1.5086261670221575,0.015156084031332284,0,0,0,0,0.5,5,,,0,0,ok,
LRC→ORC combo,louvain,2,0.51576033004557,0.7434515176920593,298,298,1159,1,1.5255725010065362,1.5086261670221575,0.016946333984378725,0,0,0,0,0.5,5,,,0,0,ok,
LRC→ORC combo,louvain,3,0.5153181043761436,0.7433234872352598,298,298,1159,1,1.5277254169923253,1.5086261670221575,0.019099249970167875,0,0,0,0,0.5,5,,,0,0,ok,
LRC→ORC combo,louvain,4,0.5153181043761436,0.7433234872352597,298,298,1159,1,1.5251105420175008,1.5086261670221575,0.016484374995343387,0,0,0,0,0.5,5,,,0,0,ok,
LRC→ORC combo,louvain,42,0.5153181043761436,0.7433234872352597,298,298,1159,1,1.5231100000091828,1.5086261670221575,0.01448383298702538,0,0,0,0,0.5,5,,,0,0,ok,
LRC→ORC combo,louvain,0,0.5190990961508857,0.7511642707009085,298,298,1135,1,1.5155306669767015,1.5001762500032783,0.015354416973423213,0,24,0,2,0.5,5,,-0.17746453559357248,0,2,ok,
LRC→ORC combo,louvain,1,0.5190990961508857,0.7511642707009084,298,298,1135,1,1.5167988750035875,1.5001762500032783,0.0166226250003092,0,24,0,2,0.5,5,,-0.17746453559357248,0,2,ok,
LRC→ORC combo,louvain,2,0.5195418864651266,0.7512914335017138,298,298,1135,1,1.5139655419625342,1.5001762500032783,0.013789291959255934,0,24,0,2,0.5,5,,-0.17746453559357248,0,2,ok,
LRC→ORC combo,louvain,3,0.5190990961508857,0.7511642707009084,298,298,1135,1,1.5154125419794582,1.5001762500032783,0.015236291976179928,0,24,0,2,0.5,5,,-0.17746453559357248,0,2,ok,
LRC→ORC combo,louvain,4,0.5190990961508857,0.7511642707009083,298,298,1135,1,1.514145291002933,1.5001762500032783,0.01396904099965468,0,24,0,2,0.5,5,,-0.17746453559357248,0,2,ok,
LRC→ORC combo,louvain,42,0.5190990961508857,0.7511642707009084,298,298,1135,1,1.5152911669574678,1.5001762500032783,0.015114916954189539,0,24,0,2,0.5,5,,-0.17746453559357248,0,2,ok,
LRC→ORC combo,louvain,0,0.5190990961508857,0.7511642707009085,298,298,1101,1,1.5440708340029232,1.5309502920135856,0.013120541989337653,0,58,0,5,0.5,5,,-0.14985140310770545,0,5,ok,
LRC→ORC combo,louvain,1,0.5190990961508857,0.7511642707009085,298,298,1101,1,1.5425214169663377,1.5309502920135856,0.011571124952752143,0,58,0,5,0.5,5,,-0.14985140310770545,0,5,ok,
LRC→ORC combo,louvain,2,0.5195418864651266,0.7512914335017137,298,298,1101,1,1.5485791259561665,1.5309502920135856,0.017628833942580968,0,58,0,5,0.5,5,,-0.14985140310770545,0,5,ok,
LRC→ORC combo,louvain,3,0.5190990961508857,0.7511642707009084,298,298,1101,1,1.5462396670482121,1.5309502920135856,0.015289375034626573,0,58,0,5,0.5,5,,-0.14985140310770545,0,5,ok,
LRC→ORC combo,louvain,4,0.5195418864651266,0.7512914335017138,298,298,1101,1,1.5492205840419047,1.5309502920135856,0.01827029202831909,0,58,0,5,0.5,5,,-0.14985140310770545,0,5,ok,
LRC→ORC combo,louvain,42,0.5195418864651266,0.7512914335017138,298,298,1101,1,1.5472881259629503,1.5309502920135856,0.016337833949364722,0,58,0,5,0.5,5,,-0.14985140310770545,0,5,ok,
LRC→ORC combo,louvain,0,0.5619563294995225,0.7218039069593565,177,177,626,1,1.5296276249573566,1.519325791974552,0.010301832982804626,0,116,0,10,0.5,5,,-0.12006942887910456,0,10,ok,
LRC→ORC combo,louvain,1,0.5619563294995225,0.7218039069593564,177,177,626,1,1.5281767499400303,1.519325791974552,0.008850957965478301,0,116,0,10,0.5,5,,-0.12006942887910456,0,10,ok,
LRC→ORC combo,louvain,2,0.5619563294995225,0.7218039069593565,177,177,626,1,1.5282969169784337,1.519325791974552,0.008971125003881752,0,116,0,10,0.5,5,,-0.12006942887910456,0,10,ok,
LRC→ORC combo,louvain,3,0.5619563294995225,0.7218039069593565,177,177,626,1,1.5271682500024326,1.519325791974552,0.007842458027880639,0,116,0,10,0.5,5,,-0.12006942887910456,0,10,ok,
LRC→ORC combo,louvain,4,0.5619563294995225,0.7218039069593565,177,177,626,1,1.5258844169438817,1.519325791974552,0.006558624969329685,0,116,0,10,0.5,5,,-0.12006942887910456,0,10,ok,
LRC→ORC combo,louvain,42,0.5619563294995225,0.7218039069593565,177,177,626,1,1.528048750013113,1.519325791974552,0.008722958038561046,0,116,0,10,0.5,5,,-0.12006942887910456,0,10,ok,
LRC→ORC combo,louvain,0,0.7157187136809224,0.8179927400425264,244,244,941,1,1.2470200409879908,1.2348508749855682,0.012169166002422571,24,0,2,0,0.5,5,-1.5351397849462365,,2,0,ok,
LRC→ORC combo,louvain,1,0.7157187136809224,0.8179927400425264,244,244,941,1,1.248589541995898,1.2348508749855682,0.013738667010329664,24,0,2,0,0.5,5,-1.5351397849462365,,2,0,ok,
LRC→ORC combo,louvain,2,0.7157187136809224,0.8179927400425264,244,244,941,1,1.2458353330148384,1.2348508749855682,0.010984458029270172,24,0,2,0,0.5,5,-1.5351397849462365,,2,0,ok,
LRC→ORC combo,louvain,3,0.7157187136809224,0.8179927400425264,244,244,941,1,1.2463674169848673,1.2348508749855682,0.01151654199929908,24,0,2,0,0.5,5,-1.5351397849462365,,2,0,ok,
LRC→ORC combo,louvain,4,0.7157187136809224,0.8179927400425264,244,244,941,1,1.2475060829892755,1.2348508749855682,0.01265520800370723,24,0,2,0,0.5,5,-1.5351397849462365,,2,0,ok,
LRC→ORC combo,louvain,42,0.7157187136809224,0.8179927400425264,244,244,941,1,1.2458399159950204,1.2348508749855682,0.010989041009452194,24,0,2,0,0.5,5,-1.5351397849462365,,2,0,ok,
LRC→ORC combo,louvain,0,0.6009319087035477,0.7742708311702869,244,244,922,1,1.265600499988068,1.253963791008573,0.01163670897949487,24,19,2,2,0.5,5,-1.5351397849462365,-0.1851530978226794,2,2,ok,
LRC→ORC combo,louvain,1,0.6009319087035477,0.7742708311702869,244,244,922,1,1.267780208028853,1.253963791008573,0.013816417020279914,24,19,2,2,0.5,5,-1.5351397849462365,-0.1851530978226794,2,2,ok,
LRC→ORC combo,louvain,2,0.6009319087035477,0.774270831170287,244,244,922,1,1.2644039580482058,1.253963791008573,0.010440167039632797,24,19,2,2,0.5,5,-1.5351397849462365,-0.1851530978226794,2,2,ok,
LRC→ORC combo,louvain,3,0.6009319087035477,0.774270831170287,244,244,922,1,1.265146998979617,1.253963791008573,0.011183207971043885,24,19,2,2,0.5,5,-1.5351397849462365,-0.1851530978226794,2,2,ok,
LRC→ORC combo,louvain,4,0.7157187136809224,0.8179927400425263,244,244,922,1,1.2646674990537576,1.253963791008573,0.010703708045184612,24,19,2,2,0.5,5,-1.5351397849462365,-0.1851530978226794,2,2,ok,
LRC→ORC combo,louvain,42,0.7157187136809224,0.8179927400425263,244,244,922,1,1.2645432080025785,1.253963791008573,0.010579416994005442,24,19,2,2,0.5,5,-1.5351397849462365,-0.1851530978226794,2,2,ok,
LRC→ORC combo,louvain,0,0.6077870208537214,0.7757591281743704,244,244,893,1,1.8343485009972937,1.8228034590138122,0.011545041983481497,24,48,2,5,0.5,5,-1.5351397849462365,-0.13377055158704376,2,5,ok,
LRC→ORC combo,louvain,1,0.6077870208537214,0.7757591281743704,244,244,893,1,1.833942459023092,1.8228034590138122,0.011139000009279698,24,48,2,5,0.5,5,-1.5351397849462365,-0.13377055158704376,2,5,ok,
LRC→ORC combo,louvain,2,0.6077870208537214,0.7757591281743704,244,244,893,1,1.8343373750103638,1.8228034590138122,0.011533915996551514,24,48,2,5,0.5,5,-1.5351397849462365,-0.13377055158704376,2,5,ok,
LRC→ORC combo,louvain,3,0.6077870208537214,0.7757591281743704,244,244,893,1,1.8353297510184348,1.8228034590138122,0.012526292004622519,24,48,2,5,0.5,5,-1.5351397849462365,-0.13377055158704376,2,5,ok,
LRC→ORC combo,louvain,4,0.6077870208537214,0.7757591281743704,244,244,893,1,1.8338684589834884,1.8228034590138122,0.011064999969676137,24,48,2,5,0.5,5,-1.5351397849462365,-0.13377055158704376,2,5,ok,
LRC→ORC combo,louvain,42,0.6077870208537214,0.7757591281743704,244,244,893,1,1.83626070903847,1.8228034590138122,0.013457250024657696,24,48,2,5,0.5,5,-1.5351397849462365,-0.13377055158704376,2,5,ok,
LRC→ORC combo,louvain,0,0.00032842413298727696,0.027556601812026005,96,96,280,1,1.2815357910003513,1.2780273749958724,0.0035084160044789314,24,95,2,10,0.5,5,-1.5351397849462365,-0.1011797321500787,2,10,ok,
LRC→ORC combo,louvain,1,0.00032842413298727696,0.027556601812026005,96,96,280,1,1.2825106249656528,1.2780273749958724,0.004483249969780445,24,95,2,10,0.5,5,-1.5351397849462365,-0.1011797321500787,2,10,ok,
LRC→ORC combo,louvain,2,-0.002700835272608071,0.02675150585081452,96,96,280,1,1.2821481249993667,1.2780273749958724,0.004120750003494322,24,95,2,10,0.5,5,-1.5351397849462365,-0.1011797321500787,2,10,ok,
LRC→ORC combo,louvain,3,0.00032842413298727696,0.027556601812026005,96,96,280,1,1.282480041962117,1.2780273749958724,0.004452666966244578,24,95,2,10,0.5,5,-1.5351397849462365,-0.1011797321500787,2,10,ok,
LRC→ORC combo,louvain,4,0.00032842413298727696,0.027556601812026005,96,96,280,1,1.2813317090040073,1.2780273749958724,0.0033043340081349015,24,95,2,10,0.5,5,-1.5351397849462365,-0.1011797321500787,2,10,ok,
LRC→ORC combo,louvain,42,0.00032842413298727696,0.027556601812026005,96,96,280,1,1.2828236249624752,1.2780273749958724,0.0047962499666027725,24,95,2,10,0.5,5,-1.5351397849462365,-0.1011797321500787,2,10,ok,
LRC→ORC combo,louvain,0,0.6050582815914066,0.7716989678268259,244,244,919,1,1.24612604099093,1.2328684160020202,0.01325762498890981,58,0,5,0,0.5,5,-1.371648745519713,,5,0,ok,
LRC→ORC combo,louvain,1,0.6050582815914066,0.7716989678268258,244,244,919,1,1.2445181660004891,1.2328684160020202,0.011649749998468906,58,0,5,0,0.5,5,-1.371648745519713,,5,0,ok,
LRC→ORC combo,louvain,2,0.6050582815914066,0.7716989678268258,244,244,919,1,1.2470465410151519,1.2328684160020202,0.014178125013131648,58,0,5,0,0.5,5,-1.371648745519713,,5,0,ok,
LRC→ORC combo,louvain,3,0.6050582815914066,0.7716989678268259,244,244,919,1,1.2470705410232767,1.2328684160020202,0.014202125021256506,58,0,5,0,0.5,5,-1.371648745519713,,5,0,ok,
LRC→ORC combo,louvain,4,0.6050582815914066,0.7716989678268258,244,244,919,1,1.2452482069493271,1.2328684160020202,0.012379790947306901,58,0,5,0,0.5,5,-1.371648745519713,,5,0,ok,
LRC→ORC combo,louvain,42,0.6050582815914066,0.7716989678268259,244,244,919,1,1.2455218749819323,1.2328684160020202,0.012653458979912102,58,0,5,0,0.5,5,-1.371648745519713,,5,0,ok,
LRC→ORC combo,louvain,0,0.6188550897424833,0.7746685639704973,244,244,900,1,1.2622514590038918,1.2508726250380278,0.011378833965864033,58,19,5,2,0.5,5,-1.371648745519713,-0.1513139836416877,5,2,ok,
LRC→ORC combo,louvain,1,0.7141388645425052,0.8131590828725387,244,244,900,1,1.2612087919842452,1.2508726250380278,0.010336166946217418,58,19,5,2,0.5,5,-1.371648745519713,-0.1513139836416877,5,2,ok,
LRC→ORC combo,louvain,2,0.7141388645425052,0.8131590828725387,244,244,900,1,1.2647621660144068,1.2508726250380278,0.013889540976379067,58,19,5,2,0.5,5,-1.371648745519713,-0.1513139836416877,5,2,ok,
LRC→ORC combo,louvain,3,0.6116366446866097,0.7734915884474937,244,244,900,1,1.260930125019513,1.2508726250380278,0.010057499981485307,58,19,5,2,0.5,5,-1.371648745519713,-0.1513139836416877,5,2,ok,
LRC→ORC combo,louvain,4,0.6116366446866097,0.7734915884474938,244,244,900,1,1.2621135000372306,1.2508726250380278,0.011240874999202788,58,19,5,2,0.5,5,-1.371648745519713,-0.1513139836416877,5,2,ok,
LRC→ORC combo,louvain,42,0.7141388645425052,0.8131590828725387,244,244,900,1,1.26055600005202,1.2508726250380278,0.00968337501399219,58,19,5,2,0.5,5,-1.371648745519713,-0.1513139836416877,5,2,ok,
LRC→ORC combo,louvain,0,0.5473697580727311,0.7009578505027474,177,177,629,1,1.2461106660193764,1.2375893749995157,0.008521291019860655,58,46,5,5,0.5,5,-1.371648745519713,-0.12642885366249937,5,5,ok,
LRC→ORC combo,louvain,1,0.566322033933515,0.7258634542848811,177,177,629,1,1.2465381669462658,1.2375893749995157,0.008948791946750134,58,46,5,5,0.5,5,-1.371648745519713,-0.12642885366249937,5,5,ok,
LRC→ORC combo,louvain,2,0.566322033933515,0.7258634542848811,177,177,629,1,1.2472443329752423,1.2375893749995157,0.009654957975726575,58,46,5,5,0.5,5,-1.371648745519713,-0.12642885366249937,5,5,ok,
LRC→ORC combo,louvain,3,0.566322033933515,0.725863454284881,177,177,629,1,1.2452955830376595,1.2375893749995157,0.007706208038143814,58,46,5,5,0.5,5,-1.371648745519713,-0.12642885366249937,5,5,ok,
LRC→ORC combo,louvain,4,0.566322033933515,0.725863454284881,177,177,629,1,1.2478457079851069,1.2375893749995157,0.010256332985591143,58,46,5,5,0.5,5,-1.371648745519713,-0.12642885366249937,5,5,ok,
LRC→ORC combo,louvain,42,0.5473697580727311,0.7009578505027474,177,177,629,1,1.2448787500034086,1.2375893749995157,0.007289375003892928,58,46,5,5,0.5,5,-1.371648745519713,-0.12642885366249937,5,5,ok,
LRC→ORC combo,louvain,0,-0.020802377414561663,0.07483374897777015,49,49,187,1,1.2967976239742711,1.2939572079922073,0.0028404159820638597,58,92,5,10,0.5,5,-1.371648745519713,-0.09131243989939261,5,10,ok,
LRC→ORC combo,louvain,1,0.07836089144500359,0.17235846180892525,49,49,187,1,1.2961192909860983,1.2939572079922073,0.00216208299389109,58,92,5,10,0.5,5,-1.371648745519713,-0.09131243989939261,5,10,ok,
LRC→ORC combo,louvain,2,0.07433585181574458,0.14014377177915013,49,49,187,1,1.2958441660157405,1.2939572079922073,0.001886958023533225,58,92,5,10,0.5,5,-1.371648745519713,-0.09131243989939261,5,10,ok,
LRC→ORC combo,louvain,3,0.07603623387318144,0.2559240194762407,49,49,187,1,1.2964363329811022,1.2939572079922073,0.0024791249888949096,58,92,5,10,0.5,5,-1.371648745519713,-0.09131243989939261,5,10,ok,
LRC→ORC combo,louvain,4,0.07836089144500359,0.17235846180892525,49,49,187,1,1.2958504169946536,1.2939572079922073,0.0018932090024463832,58,92,5,10,0.5,5,-1.371648745519713,-0.09131243989939261,5,10,ok,
LRC→ORC combo,louvain,42,-0.020802377414561663,0.07483374897777015,49,49,187,1,1.2968906660098583,1.2939572079922073,0.0029334580176509917,58,92,5,10,0.5,5,-1.371648745519713,-0.09131243989939261,5,10,ok,
LRC→ORC combo,louvain,0,0.6576294751935482,0.7677448074852757,147,147,556,1,0.8721396669861861,0.8641402499633841,0.007999417022801936,116,0,10,0,0.5,5,-1.1903386372909015,,10,0,ok,
LRC→ORC combo,louvain,1,0.6576294751935482,0.7677448074852761,147,147,556,1,0.8711530409636907,0.8641402499633841,0.007012791000306606,116,0,10,0,0.5,5,-1.1903386372909015,,10,0,ok,
LRC→ORC combo,louvain,2,0.6576294751935482,0.767744807485276,147,147,556,1,0.870838833914604,0.8641402499633841,0.006698583951219916,116,0,10,0,0.5,5,-1.1903386372909015,,10,0,ok,
LRC→ORC combo,louvain,3,0.6576294751935482,0.767744807485276,147,147,556,1,0.8736402499489486,0.8641402499633841,0.0094999999855645,116,0,10,0,0.5,5,-1.1903386372909015,,10,0,ok,
LRC→ORC combo,louvain,4,0.6306346215723754,0.744268474333588,147,147,556,1,0.871199749992229,0.8641402499633841,0.007059500028844923,116,0,10,0,0.5,5,-1.1903386372909015,,10,0,ok,
LRC→ORC combo,louvain,42,0.6306346215723754,0.7442684743335879,147,147,556,1,0.8699039159691893,0.8641402499633841,0.005763666005805135,116,0,10,0,0.5,5,-1.1903386372909015,,10,0,ok,
LRC→ORC combo,louvain,0,0.6655239589419571,0.7695652928382554,147,147,544,1,0.8745481670484878,0.8661941669997759,0.008354000048711896,116,12,10,2,0.5,5,-1.1903386372909015,-0.15937318563506084,10,2,ok,
LRC→ORC combo,louvain,1,0.6655239589419571,0.7695652928382554,147,147,544,1,0.8724668759969063,0.8661941669997759,0.006272708997130394,116,12,10,2,0.5,5,-1.1903386372909015,-0.15937318563506084,10,2,ok,
LRC→ORC combo,louvain,2,0.6655239589419571,0.7695652928382554,147,147,544,1,0.8730988339520991,0.8661941669997759,0.0069046669523231685,116,12,10,2,0.5,5,-1.1903386372909015,-0.15937318563506084,10,2,ok,
LRC→ORC combo,louvain,3,0.6655239589419571,0.7695652928382554,147,147,544,1,0.8735320830019191,0.8661941669997759,0.007337916002143174,116,12,10,2,0.5,5,-1.1903386372909015,-0.15937318563506084,10,2,ok,
LRC→ORC combo,louvain,4,0.6384974704360269,0.7460748176316603,147,147,544,1,0.8724082089611329,0.8661941669997759,0.0062140419613569975,116,12,10,2,0.5,5,-1.1903386372909015,-0.15937318563506084,10,2,ok,
LRC→ORC combo,louvain,42,0.6384974704360269,0.7460748176316603,147,147,544,1,0.8717557080090046,0.8661941669997759,0.0055615410092286766,116,12,10,2,0.5,5,-1.1903386372909015,-0.15937318563506084,10,2,ok,
LRC→ORC combo,louvain,0,0.8127638256521693,0.7445613645746143,81,81,319,1,0.8591993329464458,0.8556068749749102,0.003592457971535623,116,28,10,5,0.5,5,-1.1903386372909015,-0.1240035848237232,10,5,ok,
LRC→ORC combo,louvain,1,0.5508464907975135,0.6489925836889359,81,81,319,1,0.8594487919472158,0.8556068749749102,0.0038419169723056257,116,28,10,5,0.5,5,-1.1903386372909015,-0.1240035848237232,10,5,ok,
LRC→ORC combo,louvain,2,0.5508464907975135,0.6489925836889361,81,81,319,1,0.8596753339515999,0.8556068749749102,0.004068458976689726,116,28,10,5,0.5,5,-1.1903386372909015,-0.1240035848237232,10,5,ok,
LRC→ORC combo,louvain,3,0.5601678747255944,0.6397890047230039,81,81,319,1,0.8593276249594055,0.8556068749749102,0.0037207499844953418,116,28,10,5,0.5,5,-1.1903386372909015,-0.1240035848237232,10,5,ok,
LRC→ORC combo,louvain,4,0.5508464907975135,0.6489925836889361,81,81,319,1,0.858927582972683,0.8556068749749102,0.0033207079977728426,116,28,10,5,0.5,5,-1.1903386372909015,-0.1240035848237232,10,5,ok,
LRC→ORC combo,louvain,42,0.5748141084292323,0.6445866745482088,81,81,319,1,0.8589679169817828,0.8556068749749102,0.0033610420068725944,116,28,10,5,0.5,5,-1.1903386372909015,-0.1240035848237232,10,5,ok,
LRC→ORC combo,louvain,0,-0.02155759921039026,0.08912248972531364,46,46,164,1,0.9047870420035906,0.9029399169958197,0.0018471250077709556,116,56,10,10,0.5,5,-1.1903386372909015,-0.06764975776034421,10,10,ok,
LRC→ORC combo,louvain,1,-0.02155759921039026,0.08912248972531364,46,46,164,1,0.904810166975949,0.9029399169958197,0.0018702499801293015,116,56,10,10,0.5,5,-1.1903386372909015,-0.06764975776034421,10,10,ok,
LRC→ORC combo,louvain,2,-0.02155759921039026,0.08912248972531364,46,46,164,1,0.9047779170214199,0.9029399169958197,0.001838000025600195,116,56,10,10,0.5,5,-1.1903386372909015,-0.06764975776034421,10,10,ok,
LRC→ORC combo,louvain,3,-0.02155759921039026,0.08912248972531364,46,46,164,1,0.9045708330231719,0.9029399169958197,0.0016309160273522139,116,56,10,10,0.5,5,-1.1903386372909015,-0.06764975776034421,10,10,ok,
LRC→ORC combo,louvain,4,-0.02155759921039026,0.08912248972531364,46,46,164,1,0.904777624993585,0.9029399169958197,0.001837707997765392,116,56,10,10,0.5,5,-1.1903386372909015,-0.06764975776034421,10,10,ok,
LRC→ORC combo,louvain,42,-0.02155759921039026,0.08912248972531364,46,46,164,1,0.9046372920274734,0.9029399169958197,0.0016973750316537917,116,56,10,10,0.5,5,-1.1903386372909015,-0.06764975776034421,10,10,ok,
LRC→ORC combo,louvain,0,0.5325441240154282,0.6437764657921894,81,81,321,1,0.6107410419499502,0.6066883329767734,0.004052708973176777,176,0,15,0,0.5,5,-1.0961538461538463,,15,0,ok,
LRC→ORC combo,louvain,1,0.5325441240154282,0.6437764657921894,81,81,321,1,0.6107753749820404,0.6066883329767734,0.004087042005266994,176,0,15,0,0.5,5,-1.0961538461538463,,15,0,ok,
LRC→ORC combo,louvain,2,0.5325441240154282,0.6437764657921894,81,81,321,1,0.6111319169867784,0.6066883329767734,0.004443584010004997,176,0,15,0,0.5,5,-1.0961538461538463,,15,0,ok,
LRC→ORC combo,louvain,3,0.5313195559656904,0.6432154477315838,81,81,321,1,0.6104393329587765,0.6066883329767734,0.0037509999820031226,176,0,15,0,0.5,5,-1.0961538461538463,,15,0,ok,
LRC→ORC combo,louvain,4,0.5325441240154282,0.6437764657921894,81,81,321,1,0.6107712909579277,0.6066883329767734,0.004082957981154323,176,0,15,0,0.5,5,-1.0961538461538463,,15,0,ok,
LRC→ORC combo,louvain,42,0.5325441240154282,0.6437764657921894,81,81,321,1,0.610394791001454,0.6066883329767734,0.0037064580246806145,176,0,15,0,0.5,5,-1.0961538461538463,,15,0,ok,
LRC→ORC combo,louvain,0,0.533097924442318,0.6548014673566834,81,81,314,1,0.6027158749639057,0.5982897499925457,0.004426124971359968,176,7,15,2,0.5,5,-1.0961538461538463,-0.16120025830213242,15,2,ok,
LRC→ORC combo,louvain,1,0.533097924442318,0.6548014673566834,81,81,314,1,0.6017435410176404,0.5982897499925457,0.003453791025094688,176,7,15,2,0.5,5,-1.0961538461538463,-0.16120025830213242,15,2,ok,
LRC→ORC combo,louvain,2,0.5325441240154282,0.6437764657921894,81,81,314,1,0.6019900839892216,0.5982897499925457,0.0037003339966759086,176,7,15,2,0.5,5,-1.0961538461538463,-0.16120025830213242,15,2,ok,
LRC→ORC combo,louvain,3,0.5010710642487882,0.6140758414557562,81,81,314,1,0.601666041999124,0.5982897499925457,0.0033762920065782964,176,7,15,2,0.5,5,-1.0961538461538463,-0.16120025830213242,15,2,ok,
LRC→ORC combo,louvain,4,0.5325441240154282,0.6437764657921894,81,81,314,1,0.6019886249559931,0.5982897499925457,0.0036988749634474516,176,7,15,2,0.5,5,-1.0961538461538463,-0.16120025830213242,15,2,ok,
LRC→ORC combo,louvain,42,0.5325441240154282,0.6437764657921894,81,81,314,1,0.6017104589845985,0.5982897499925457,0.0034207089920528233,176,7,15,2,0.5,5,-1.0961538461538463,-0.16120025830213242,15,2,ok,
LRC→ORC combo,louvain,0,0.626156300386782,0.6734667295259378,81,81,304,1,0.6044434169889428,0.6009605000144802,0.0034829169744625688,176,17,15,5,0.5,5,-1.0961538461538463,-0.11940849559755096,15,5,ok,
LRC→ORC combo,louvain,1,0.5872423357220676,0.6654803080952859,81,81,304,1,0.6042145420215093,0.6009605000144802,0.0032540420070290565,176,17,15,5,0.5,5,-1.0961538461538463,-0.11940849559755096,15,5,ok,
LRC→ORC combo,louvain,2,0.5528447792396545,0.6322047030904587,81,81,304,1,0.6042927090311423,0.6009605000144802,0.003332209016662091,176,17,15,5,0.5,5,-1.0961538461538463,-0.11940849559755096,15,5,ok,
LRC→ORC combo,louvain,3,0.5611264553131319,0.6506979325333685,81,81,304,1,0.6049085420090705,0.6009605000144802,0.003948041994590312,176,17,15,5,0.5,5,-1.0961538461538463,-0.11940849559755096,15,5,ok,
LRC→ORC combo,louvain,4,0.42764661693042577,0.5782728825159653,81,81,304,1,0.6045303749851882,0.6009605000144802,0.0035698749707080424,176,17,15,5,0.5,5,-1.0961538461538463,-0.11940849559755096,15,5,ok,
LRC→ORC combo,louvain,42,0.5872423357220676,0.6654803080952859,81,81,304,1,0.6041621660115197,0.6009605000144802,0.0032016659970395267,176,17,15,5,0.5,5,-1.0961538461538463,-0.11940849559755096,15,5,ok,
LRC→ORC combo,louvain,0,-0.014902551954344784,0.10834393595878468,46,46,166,1,0.5934470419888385,0.5909676669980399,0.002479374990798533,176,33,15,10,0.5,5,-1.0961538461538463,-0.08331600145401907,15,10,ok,
LRC→ORC combo,louvain,1,-0.041455213719771025,0.0898653773834873,46,46,166,1,0.5930990839842707,0.5909676669980399,0.002131416986230761,176,33,15,10,0.5,5,-1.0961538461538463,-0.08331600145401907,15,10,ok,
LRC→ORC combo,louvain,2,-0.02025830852176712,0.07273937960913292,46,46,166,1,0.5934521669987589,0.5909676669980399,0.002484500000718981,176,33,15,10,0.5,5,-1.0961538461538463,-0.08331600145401907,15,10,ok,
LRC→ORC combo,louvain,3,-0.041455213719771025,0.0898653773834873,46,46,166,1,0.5928757499787025,0.5909676669980399,0.0019080829806625843,176,33,15,10,0.5,5,-1.0961538461538463,-0.08331600145401907,15,10,ok,
LRC→ORC combo,louvain,4,-0.02025830852176712,0.07273937960913292,46,46,166,1,0.5931376669905148,0.5909676669980399,0.0021699999924749136,176,33,15,10,0.5,5,-1.0961538461538463,-0.08331600145401907,15,10,ok,
LRC→ORC combo,louvain,42,-0.02025830852176712,0.07273937960913292,46,46,166,1,0.5930668750079349,0.5909676669980399,0.0020992080098949373,176,33,15,10,0.5,5,-1.0961538461538463,-0.08331600145401907,15,10,ok,
LRC→ORC combo,louvain,0,0.023215188709603273,0.06351065023421522,64,64,187,1,0.422101957956329,0.41914495796663687,0.0029569999896921217,235,0,20,0,0.5,5,-1.0125000000000002,,20,0,ok,
LRC→ORC combo,louvain,1,0.023215188709603273,0.06351065023421522,64,64,187,1,0.4222352499491535,0.41914495796663687,0.0030902919825166464,235,0,20,0,0.5,5,-1.0125000000000002,,20,0,ok,
LRC→ORC combo,louvain,2,0.020861312561554303,0.06182411446902269,64,64,187,1,0.4214674989343621,0.41914495796663687,0.0023225409677252173,235,0,20,0,0.5,5,-1.0125000000000002,,20,0,ok,
LRC→ORC combo,louvain,3,0.023215188709603273,0.06351065023421522,64,64,187,1,0.42116987495683134,0.41914495796663687,0.0020249169901944697,235,0,20,0,0.5,5,-1.0125000000000002,,20,0,ok,
LRC→ORC combo,louvain,4,0.023215188709603273,0.06351065023421522,64,64,187,1,0.4221977079869248,0.41914495796663687,0.003052750020287931,235,0,20,0,0.5,5,-1.0125000000000002,,20,0,ok,
LRC→ORC combo,louvain,42,0.019473081328751432,0.06086405636002523,64,64,187,1,0.42166658298810944,0.41914495796663687,0.0025216250214725733,235,0,20,0,0.5,5,-1.0125000000000002,,20,0,ok,
LRC→ORC combo,louvain,0,-0.008221035680989914,0.021317795331663576,64,64,183,1,0.41918862506281585,0.4160610420512967,0.003127583011519164,235,4,20,2,0.5,5,-1.0125000000000002,-0.20213618633614924,20,2,ok,
LRC→ORC combo,louvain,1,0.013960508112187147,0.04957007349897709,64,64,183,1,0.4188549170503393,0.4160610420512967,0.0027938749990426004,235,4,20,2,0.5,5,-1.0125000000000002,-0.20213618633614924,20,2,ok,
LRC→ORC combo,louvain,2,0.024281328495674017,0.06430171098636053,64,64,183,1,0.4186917090555653,0.4160610420512967,0.0026306670042686164,235,4,20,2,0.5,5,-1.0125000000000002,-0.20213618633614924,20,2,ok,
LRC→ORC combo,louvain,3,-0.0025118615685180016,0.025186408372472366,64,64,183,1,0.4186396670411341,0.4160610420512967,0.002578624989837408,235,4,20,2,0.5,5,-1.0125000000000002,-0.20213618633614924,20,2,ok,
LRC→ORC combo,louvain,4,0.020861312561554303,0.06182411446902269,64,64,183,1,0.41884250106522813,0.4160610420512967,0.0027814590139314532,235,4,20,2,0.5,5,-1.0125000000000002,-0.20213618633614924,20,2,ok,
LRC→ORC combo,louvain,42,0.016187812526485296,0.05442501741459971,64,64,183,1,0.419805042038206,0.4160610420512967,0.00374399998690933,235,4,20,2,0.5,5,-1.0125000000000002,-0.20213618633614924,20,2,ok,
LRC→ORC combo,louvain,0,0.021691973969631236,0.058638299202676124,64,64,176,1,0.41994616703595966,0.41670912504196167,0.003237041993997991,235,11,20,5,0.5,5,-1.0125000000000002,-0.18668460341617643,20,5,ok,
LRC→ORC combo,louvain,1,0.021691973969631236,0.058638299202676124,64,64,176,1,0.4197602500207722,0.41670912504196167,0.0030511249788105488,235,11,20,5,0.5,5,-1.0125000000000002,-0.18668460341617643,20,5,ok,
LRC→ORC combo,louvain,2,0.021691973969631236,0.058638299202676124,64,64,176,1,0.41921754204668105,0.41670912504196167,0.0025084170047193766,235,11,20,5,0.5,5,-1.0125000000000002,-0.18668460341617643,20,5,ok,
LRC→ORC combo,louvain,3,0.02051007668985197,0.05765856411484023,64,64,176,1,0.41932025004643947,0.41670912504196167,0.002611125004477799,235,11,20,5,0.5,5,-1.0125000000000002,-0.18668460341617643,20,5,ok,
LRC→ORC combo,louvain,4,0.017388904223019596,0.04770797263550233,64,64,176,1,0.41930916701676324,0.41670912504196167,0.00260004197480157,235,11,20,5,0.5,5,-1.0125000000000002,-0.18668460341617643,20,5,ok,
LRC→ORC combo,louvain,42,0.021691973969631236,0.058638299202676124,64,64,176,1,0.42018762504449114,0.41670912504196167,0.003478500002529472,235,11,20,5,0.5,5,-1.0125000000000002,-0.18668460341617643,20,5,ok,
LRC→ORC combo,louvain,0,0.019025976919306686,0.056581982073028475,64,64,168,1,0.4100009580142796,0.407101041986607,0.002899916027672589,235,19,20,10,0.5,5,-1.0125000000000002,-0.16439668302660276,20,10,ok,
LRC→ORC combo,louvain,1,0.0384090039884172,0.07647099768219047,64,64,168,1,0.40900541696464643,0.407101041986607,0.0019043749780394137,235,19,20,10,0.5,5,-1.0125000000000002,-0.16439668302660276,20,10,ok,
LRC→ORC combo,louvain,2,0.023866685496398813,0.06004358041377079,64,64,168,1,0.4099175419542007,0.407101041986607,0.0028164999675936997,235,19,20,10,0.5,5,-1.0125000000000002,-0.16439668302660276,20,10,ok,
LRC→ORC combo,louvain,3,0.023866685496398813,0.06004358041377079,64,64,168,1,0.4099984999629669,0.407101041986607,0.002897457976359874,235,19,20,10,0.5,5,-1.0125000000000002,-0.16439668302660276,20,10,ok,
LRC→ORC combo,louvain,4,0.023866685496398813,0.06004358041377079,64,64,168,1,0.4104959589894861,0.407101041986607,0.003394917002879083,235,19,20,10,0.5,5,-1.0125000000000002,-0.16439668302660276,20,10,ok,
LRC→ORC combo,louvain,42,0.023866685496398813,0.06004358041377079,64,64,168,1,0.4096979999449104,0.407101041986607,0.002596957958303392,235,19,20,10,0.5,5,-1.0125000000000002,-0.16439668302660276,20,10,ok,
LRC→ORC combo,louvain,0,0.5153181043761436,0.7433234872352598,298,298,1159,1,1.6474840840091929,1.636005834036041,0.011478249973151833,0,0,0,0,0.75,5,,,0,0,ok,
LRC→ORC combo,louvain,1,0.5153181043761436,0.7433234872352598,298,298,1159,1,1.6484657090040855,1.636005834036041,0.01245987496804446,0,0,0,0,0.75,5,,,0,0,ok,
LRC→ORC combo,louvain,2,0.5153181043761436,0.7433234872352598,298,298,1159,1,1.6487777920556255,1.636005834036041,0.012771958019584417,0,0,0,0,0.75,5,,,0,0,ok,
LRC→ORC combo,louvain,3,0.5153181043761436,0.7433234872352598,298,298,1159,1,1.6509206669870764,1.636005834036041,0.01491483295103535,0,0,0,0,0.75,5,,,0,0,ok,
LRC→ORC combo,louvain,4,0.5153181043761436,0.7433234872352598,298,298,1159,1,1.6500985010061413,1.636005834036041,0.014092666970100254,0,0,0,0,0.75,5,,,0,0,ok,
LRC→ORC combo,louvain,42,0.5153181043761436,0.7433234872352598,298,298,1159,1,1.6509041670360602,1.636005834036041,0.014898333000019193,0,0,0,0,0.75,5,,,0,0,ok,
LRC→ORC combo,louvain,0,-0.0027771256486712483,0.032804056380359214,152,152,528,1,1.6679288759478368,1.659659583994653,0.00826929195318371,0,24,0,2,0.75,5,,-0.1379950618608041,0,2,ok,
LRC→ORC combo,louvain,1,-0.0027771256486712483,0.032804056380359214,152,152,528,1,1.6662856669863686,1.659659583994653,0.006626082991715521,0,24,0,2,0.75,5,,-0.1379950618608041,0,2,ok,
LRC→ORC combo,louvain,2,-0.0027771256486712483,0.032804056380359214,152,152,528,1,1.6664636259665713,1.659659583994653,0.0068040419719181955,0,24,0,2,0.75,5,,-0.1379950618608041,0,2,ok,
LRC→ORC combo,louvain,3,-0.0027771256486712483,0.032804056380359214,152,152,528,1,1.6673275840003043,1.659659583994653,0.007668000005651265,0,24,0,2,0.75,5,,-0.1379950618608041,0,2,ok,
LRC→ORC combo,louvain,4,-0.0027771256486712483,0.032804056380359214,152,152,528,1,1.6663958340068348,1.659659583994653,0.006736250012181699,0,24,0,2,0.75,5,,-0.1379950618608041,0,2,ok,
LRC→ORC combo,louvain,42,-0.0012437791914990154,0.0349032036833329,152,152,528,1,1.667036291968543,1.659659583994653,0.0073767079738900065,0,24,0,2,0.75,5,,-0.1379950618608041,0,2,ok,
LRC→ORC combo,louvain,0,0.03400903319305676,0.08992089437430312,98,98,328,1,1.6495765420258977,1.645183457992971,0.0043930840329267085,0,58,0,5,0.75,5,,-0.11727274546014314,0,5,ok,
LRC→ORC combo,louvain,1,0.03112594714596175,0.08768547556687348,98,98,328,1,1.6498145830119029,1.645183457992971,0.004631125018931925,0,58,0,5,0.75,5,,-0.11727274546014314,0,5,ok,
LRC→ORC combo,louvain,2,0.03039244793947674,0.0870309120095301,98,98,328,1,1.6493059580097906,1.645183457992971,0.004122500016819686,0,58,0,5,0.75,5,,-0.11727274546014314,0,5,ok,
LRC→ORC combo,louvain,3,0.03112594714596175,0.08768547556687348,98,98,328,1,1.650068957998883,1.645183457992971,0.004885500005912036,0,58,0,5,0.75,5,,-0.11727274546014314,0,5,ok,
LRC→ORC combo,louvain,4,0.03039244793947674,0.0870309120095301,98,98,328,1,1.6494313750299625,1.645183457992971,0.004247917036991566,0,58,0,5,0.75,5,,-0.11727274546014314,0,5,ok,
LRC→ORC combo,louvain,42,0.03387488941507491,0.0901209238685603,98,98,328,1,1.6493447909597307,1.645183457992971,0.004161332966759801,0,58,0,5,0.75,5,,-0.11727274546014314,0,5,ok,
LRC→ORC combo,louvain,0,0.010310989398560197,0.03776705846962382,67,67,263,1,1.6989413340343162,1.694581791991368,0.004359542042948306,0,116,0,10,0.75,5,,-0.08670543567675755,0,10,ok,
LRC→ORC combo,louvain,1,-0.005689213586933702,0.023180155444702248,67,67,263,1,1.6976782089914195,1.694581791991368,0.003096417000051588,0,116,0,10,0.75,5,,-0.08670543567675755,0,10,ok,
LRC→ORC combo,louvain,2,-0.010769566165249619,0.01942857470511494,67,67,263,1,1.6974773340043612,1.694581791991368,0.0028955420129932463,0,116,0,10,0.75,5,,-0.08670543567675755,0,10,ok,
LRC→ORC combo,louvain,3,0.00661465052937683,0.03420859435130709,67,67,263,1,1.6979043749743141,1.694581791991368,0.0033225829829461873,0,116,0,10,0.75,5,,-0.08670543567675755,0,10,ok,
LRC→ORC combo,louvain,4,0.00661465052937683,0.03420859435130709,67,67,263,1,1.6987005419796333,1.694581791991368,0.0041187499882653356,0,116,0,10,0.75,5,,-0.08670543567675755,0,10,ok,
LRC→ORC combo,louvain,42,-0.003261877822288819,0.025481031856341412,67,67,263,1,1.6978987090406008,1.694581791991368,0.0033169170492328703,0,116,0,10,0.75,5,,-0.08670543567675755,0,10,ok,
LRC→ORC combo,louvain,0,0.709427159277351,0.8091283724394892,244,244,941,1,1.5025716660311446,1.4888058330398053,0.013765832991339266,24,0,2,0,0.75,5,-1.5351397849462365,,2,0,ok,
LRC→ORC combo,louvain,1,0.709427159277351,0.8091283724394891,244,244,941,1,1.5011244160705246,1.4888058330398053,0.01231858303071931,24,0,2,0,0.75,5,-1.5351397849462365,,2,0,ok,
LRC→ORC combo,louvain,2,0.709427159277351,0.8091283724394892,244,244,941,1,1.4994616660405882,1.4888058330398053,0.010655833000782877,24,0,2,0,0.75,5,-1.5351397849462365,,2,0,ok,
LRC→ORC combo,louvain,3,0.709427159277351,0.8091283724394892,244,244,941,1,1.5010669160401449,1.4888058330398053,0.012261083000339568,24,0,2,0,0.75,5,-1.5351397849462365,,2,0,ok,
LRC→ORC combo,louvain,4,0.709427159277351,0.8091283724394892,244,244,941,1,1.5000745830475353,1.4888058330398053,0.011268750007729977,24,0,2,0,0.75,5,-1.5351397849462365,,2,0,ok,
LRC→ORC combo,louvain,42,0.709427159277351,0.8091283724394892,244,244,941,1,1.5037867079954594,1.4888058330398053,0.014980874955654144,24,0,2,0,0.75,5,-1.5351397849462365,,2,0,ok,
LRC→ORC combo,louvain,0,0.029851446992159355,0.08676278810723058,98,98,328,1,1.449192584026605,1.4445100840530358,0.004682499973569065,24,19,2,2,0.75,5,-1.5351397849462365,-0.11872278139651561,2,2,ok,
LRC→ORC combo,louvain,1,0.032510148979235244,0.08873064342003319,98,98,328,1,1.4505782090709545,1.4445100840530358,0.006068125017918646,24,19,2,2,0.75,5,-1.5351397849462365,-0.11872278139651561,2,2,ok,
LRC→ORC combo,louvain,2,0.043439634929007036,0.10073078262198103,98,98,328,1,1.4480804590275511,1.4445100840530358,0.003570374974515289,24,19,2,2,0.75,5,-1.5351397849462365,-0.11872278139651561,2,2,ok,
LRC→ORC combo,louvain,3,0.029124531221846422,0.08611584317247811,98,98,328,1,1.4490412510349415,1.4445100840530358,0.004531166981905699,24,19,2,2,0.75,5,-1.5351397849462365,-0.11872278139651561,2,2,ok,
LRC→ORC combo,louvain,4,0.04264174073562749,0.09996684209258412,98,98,328,1,1.4490820840583183,1.4445100840530358,0.004572000005282462,24,19,2,2,0.75,5,-1.5351397849462365,-0.11872278139651561,2,2,ok,
LRC→ORC combo,louvain,42,0.04646589406572338,0.10361673209710259,98,98,328,1,1.4502087500295602,1.4445100840530358,0.005698665976524353,24,19,2,2,0.75,5,-1.5351397849462365,-0.11872278139651561,2,2,ok,
LRC→ORC combo,louvain,0,0.012696811082382124,0.03995284927866144,67,67,255,1,1.409860417013988,1.4061262920149602,0.0037341249990276992,24,48,2,5,0.75,5,-1.5351397849462365,-0.10500824781394846,2,5,ok,
LRC→ORC combo,louvain,1,0.011380435692170373,0.043308828031593284,67,67,255,1,1.4095213760156184,1.4061262920149602,0.003395084000658244,24,48,2,5,0.75,5,-1.5351397849462365,-0.10500824781394846,2,5,ok,
LRC→ORC combo,louvain,2,0.012696811082382124,0.03995284927866144,67,67,255,1,1.4099682080559433,1.4061262920149602,0.003841916040983051,24,48,2,5,0.75,5,-1.5351397849462365,-0.10500824781394846,2,5,ok,
LRC→ORC combo,louvain,3,-0.004132231404958678,0.024653783217274485,67,67,255,1,1.4095149170025252,1.4061262920149602,0.003388624987564981,24,48,2,5,0.75,5,-1.5351397849462365,-0.10500824781394846,2,5,ok,
LRC→ORC combo,louvain,4,0.012696811082382124,0.03995284927866144,67,67,255,1,1.4103263760334812,1.4061262920149602,0.004200084018521011,24,48,2,5,0.75,5,-1.5351397849462365,-0.10500824781394846,2,5,ok,
LRC→ORC combo,louvain,42,0.011380435692170373,0.043308828031593284,67,67,255,1,1.4094688760233112,1.4061262920149602,0.0033425840083509684,24,48,2,5,0.75,5,-1.5351397849462365,-0.10500824781394846,2,5,ok,
LRC→ORC combo,louvain,0,-0.03420623025003103,0.036959939040028394,46,46,196,1,1.3942417920334265,1.3915247920085676,0.002717000024858862,24,95,2,10,0.75,5,-1.5351397849462365,-0.0745631932603723,2,10,ok,
LRC→ORC combo,louvain,1,-0.008669587272308047,0.023357690450949965,46,46,196,1,1.3937799590057693,1.3915247920085676,0.0022551669972017407,24,95,2,10,0.75,5,-1.5351397849462365,-0.0745631932603723,2,10,ok,
LRC→ORC combo,louvain,2,-0.008669587272308047,0.023357690450949965,46,46,196,1,1.3944535839837044,1.3915247920085676,0.0029287919751368463,24,95,2,10,0.75,5,-1.5351397849462365,-0.0745631932603723,2,10,ok,
LRC→ORC combo,louvain,3,0.026517988833718156,0.08266057465811251,46,46,196,1,1.3936761260265484,1.3915247920085676,0.0021513340179808438,24,95,2,10,0.75,5,-1.5351397849462365,-0.0745631932603723,2,10,ok,
LRC→ORC combo,louvain,4,-0.03420623025003103,0.036959939040028394,46,46,196,1,1.3938183750142343,1.3915247920085676,0.002293583005666733,24,95,2,10,0.75,5,-1.5351397849462365,-0.0745631932603723,2,10,ok,
LRC→ORC combo,louvain,42,0.011081074011788835,0.07412782993354991,46,46,196,1,1.3935461260261945,1.3915247920085676,0.002021334017626941,24,95,2,10,0.75,5,-1.5351397849462365,-0.0745631932603723,2,10,ok,
LRC→ORC combo,louvain,0,0.7002531456205149,0.7962805101694291,244,244,919,1,1.356615083932411,1.3431190839619376,0.013495999970473349,58,0,5,0,0.75,5,-1.371648745519713,,5,0,ok,
LRC→ORC combo,louvain,1,0.7002531456205149,0.7962805101694292,244,244,919,1,1.3566225429531187,1.3431190839619376,0.013503458991181105,58,0,5,0,0.75,5,-1.371648745519713,,5,0,ok,
LRC→ORC combo,louvain,2,0.7002531456205149,0.7962805101694292,244,244,919,1,1.354284208966419,1.3431190839619376,0.011165125004481524,58,0,5,0,0.75,5,-1.371648745519713,,5,0,ok,
LRC→ORC combo,louvain,3,0.7002531456205149,0.7962805101694291,244,244,919,1,1.3561562089598738,1.3431190839619376,0.01303712499793619,58,0,5,0,0.75,5,-1.371648745519713,,5,0,ok,
LRC→ORC combo,louvain,4,0.7031462365157999,0.7976526138754525,244,244,919,1,1.3535311669111252,1.3431190839619376,0.010412082949187607,58,0,5,0,0.75,5,-1.371648745519713,,5,0,ok,
LRC→ORC combo,louvain,42,0.7002531456205149,0.7962805101694292,244,244,919,1,1.3561274179373868,1.3431190839619376,0.013008333975449204,58,0,5,0,0.75,5,-1.371648745519713,,5,0,ok,
LRC→ORC combo,louvain,0,0.256157565632474,0.4979548943564305,128,128,450,1,1.3577880000229925,1.3524172499892302,0.005370750033762306,58,19,5,2,0.75,5,-1.371648745519713,-0.1529069731309454,5,2,ok,
LRC→ORC combo,louvain,1,0.256157565632474,0.49795489435643037,128,128,450,1,1.3577022909885272,1.3524172499892302,0.005285040999297053,58,19,5,2,0.75,5,-1.371648745519713,-0.1529069731309454,5,2,ok,
LRC→ORC combo,louvain,2,0.256157565632474,0.49795489435643037,128,128,450,1,1.3580194999813102,1.3524172499892302,0.005602249992080033,58,19,5,2,0.75,5,-1.371648745519713,-0.1529069731309454,5,2,ok,
LRC→ORC combo,louvain,3,0.3673603820766406,0.5559164217895911,128,128,450,1,1.3575652499566786,1.3524172499892302,0.005147999967448413,58,19,5,2,0.75,5,-1.371648745519713,-0.1529069731309454,5,2,ok,
LRC→ORC combo,louvain,4,0.256157565632474,0.4979548943564305,128,128,450,1,1.3576096250326373,1.3524172499892302,0.0051923750434070826,58,19,5,2,0.75,5,-1.371648745519713,-0.1529069731309454,5,2,ok,
LRC→ORC combo,louvain,42,0.27428635424483755,0.5056617303303411,128,128,450,1,1.359766417008359,1.3524172499892302,0.0073491670191287994,58,19,5,2,0.75,5,-1.371648745519713,-0.1529069731309454,5,2,ok,
LRC→ORC combo,louvain,0,0.10060152763322691,0.1920775482644713,53,53,176,1,1.439977667061612,1.4373702080338262,0.002607459027785808,58,46,5,5,0.75,5,-1.371648745519713,-0.09543161688344157,5,5,ok,
LRC→ORC combo,louvain,1,0.10060152763322691,0.1920775482644713,53,53,176,1,1.4396953750401735,1.4373702080338262,0.0023251670063473284,58,46,5,5,0.75,5,-1.371648745519713,-0.09543161688344157,5,5,ok,
LRC→ORC combo,louvain,2,0.10060152763322691,0.1920775482644713,53,53,176,1,1.439934708061628,1.4373702080338262,0.0025645000278018415,58,46,5,5,0.75,5,-1.371648745519713,-0.09543161688344157,5,5,ok,
LRC→ORC combo,louvain,3,0.10060152763322691,0.1920775482644713,53,53,176,1,1.4396438740077429,1.4373702080338262,0.00227366597391665,58,46,5,5,0.75,5,-1.371648745519713,-0.09543161688344157,5,5,ok,
LRC→ORC combo,louvain,4,0.10060152763322691,0.1920775482644713,53,53,176,1,1.4394319580751471,1.4373702080338262,0.00206175004132092,58,46,5,5,0.75,5,-1.371648745519713,-0.09543161688344157,5,5,ok,
LRC→ORC combo,louvain,42,0.10060152763322691,0.1920775482644713,53,53,176,1,1.440067875024397,1.4373702080338262,0.002697666990570724,58,46,5,5,0.75,5,-1.371648745519713,-0.09543161688344157,5,5,ok,
LRC→ORC combo,louvain,0,0.01811730353413704,0.0781679395301071,46,46,190,1,1.388690791965928,1.3847118339617737,0.003978958004154265,58,92,5,10,0.75,5,-1.371648745519713,-0.05888472503404699,5,10,ok,
LRC→ORC combo,louvain,1,0.03588652393888792,0.09191634028707726,46,46,190,1,1.3871101249242201,1.3847118339617737,0.002398290962446481,58,92,5,10,0.75,5,-1.371648745519713,-0.05888472503404699,5,10,ok,
LRC→ORC combo,louvain,2,0.01811730353413704,0.0781679395301071,46,46,190,1,1.3870937089668587,1.3847118339617737,0.0023818750050850213,58,92,5,10,0.75,5,-1.371648745519713,-0.05888472503404699,5,10,ok,
LRC→ORC combo,louvain,3,0.03588652393888792,0.09191634028707726,46,46,190,1,1.38671087595867,1.3847118339617737,0.001999041996896267,58,92,5,10,0.75,5,-1.371648745519713,-0.05888472503404699,5,10,ok,
LRC→ORC combo,louvain,4,0.011081074011788835,0.07412782993354991,46,46,190,1,1.3871520009706728,1.3847118339617737,0.0024401670088991523,58,92,5,10,0.75,5,-1.371648745519713,-0.05888472503404699,5,10,ok,
LRC→ORC combo,louvain,42,0.03588652393888792,0.09191634028707726,46,46,190,1,1.3873305839952081,1.3847118339617737,0.0026187500334344804,58,92,5,10,0.75,5,-1.371648745519713,-0.05888472503404699,5,10,ok,
LRC→ORC combo,louvain,0,0.6576294751935482,0.767744807485276,147,147,556,1,0.9563186249579303,0.9484064999851398,0.00791212497279048,116,0,10,0,0.75,5,-1.1903386372909015,,10,0,ok,
LRC→ORC combo,louvain,1,0.6576294751935482,0.767744807485276,147,147,556,1,0.9552716249600053,0.9484064999851398,0.006865124974865466,116,0,10,0,0.75,5,-1.1903386372909015,,10,0,ok,
LRC→ORC combo,louvain,2,0.6518506300300917,0.7664098232308241,147,147,556,1,0.9553336249664426,0.9484064999851398,0.006927124981302768,116,0,10,0,0.75,5,-1.1903386372909015,,10,0,ok,
LRC→ORC combo,louvain,3,0.6398031654402286,0.7521134328070723,147,147,556,1,0.9559525839868002,0.9484064999851398,0.007546084001660347,116,0,10,0,0.75,5,-1.1903386372909015,,10,0,ok,
LRC→ORC combo,louvain,4,0.6576294751935482,0.7677448074852761,147,147,556,1,0.9564729169942439,0.9484064999851398,0.008066417009104043,116,0,10,0,0.75,5,-1.1903386372909015,,10,0,ok,
LRC→ORC combo,louvain,42,0.6576294751935482,0.767744807485276,147,147,556,1,0.9558505829772912,0.9484064999851398,0.00744408299215138,116,0,10,0,0.75,5,-1.1903386372909015,,10,0,ok,
LRC→ORC combo,louvain,0,-0.0006591957811470006,0.02599604284441778,66,66,220,1,0.9507932499982417,0.9472470830078237,0.003546166990417987,116,12,10,2,0.75,5,-1.1903386372909015,-0.12864389034042972,10,2,ok,
LRC→ORC combo,louvain,1,-0.0006591957811470006,0.02599604284441778,66,66,220,1,0.9500854579964653,0.9472470830078237,0.00283837498864159,116,12,10,2,0.75,5,-1.1903386372909015,-0.12864389034042972,10,2,ok,
LRC→ORC combo,louvain,2,-0.005484460694698354,0.02387189467563419,66,66,220,1,0.9499044580152258,0.9472470830078237,0.002657375007402152,116,12,10,2,0.75,5,-1.1903386372909015,-0.12864389034042972,10,2,ok,
LRC→ORC combo,louvain,3,0.013452914798206279,0.036319688058252704,66,66,220,1,0.9500437490642071,0.9472470830078237,0.002796666056383401,116,12,10,2,0.75,5,-1.1903386372909015,-0.12864389034042972,10,2,ok,
LRC→ORC combo,louvain,4,-0.0006591957811470006,0.02599604284441778,66,66,220,1,0.9502928329748102,0.9472470830078237,0.0030457499669864774,116,12,10,2,0.75,5,-1.1903386372909015,-0.12864389034042972,10,2,ok,
LRC→ORC combo,louvain,42,-0.0061927493226680425,0.023581891692750604,66,66,220,1,0.9506362490355968,0.9472470830078237,0.0033891660277731717,116,12,10,2,0.75,5,-1.1903386372909015,-0.12864389034042972,10,2,ok,
LRC→ORC combo,louvain,0,0.011081074011788835,0.07412782993354991,46,46,188,1,0.9406407089554705,0.9378075419808738,0.002833166974596679,116,28,10,5,0.75,5,-1.1903386372909015,-0.06250221516194349,10,5,ok,
LRC→ORC combo,louvain,1,0.01811730353413704,0.0781679395301071,46,46,188,1,0.9399887500330806,0.9378075419808738,0.0021812080522067845,116,28,10,5,0.75,5,-1.1903386372909015,-0.06250221516194349,10,5,ok,
LRC→ORC combo,louvain,2,0.03588652393888792,0.09191634028707726,46,46,188,1,0.9401884169783443,0.9378075419808738,0.002380874997470528,116,28,10,5,0.75,5,-1.1903386372909015,-0.06250221516194349,10,5,ok,
LRC→ORC combo,louvain,3,0.039554948635982745,0.09032020732882455,46,46,188,1,0.9398221250157803,0.9378075419808738,0.0020145830349065363,116,28,10,5,0.75,5,-1.1903386372909015,-0.06250221516194349,10,5,ok,
LRC→ORC combo,louvain,4,0.03588652393888792,0.09191634028707726,46,46,188,1,0.940004666976165,0.9378075419808738,0.002197124995291233,116,28,10,5,0.75,5,-1.1903386372909015,-0.06250221516194349,10,5,ok,
LRC→ORC combo,louvain,42,0.014929372701455668,0.075769291810296,46,46,188,1,0.9401285839849152,0.9378075419808738,0.0023210420040413737,116,28,10,5,0.75,5,-1.1903386372909015,-0.06250221516194349,10,5,ok,
LRC→ORC combo,louvain,0,0.01811730353413704,0.0781679395301071,46,46,168,1,0.9401823750231415,0.9380448330193758,0.0021375420037657022,116,56,10,10,0.75,5,-1.1903386372909015,-0.01934311603140859,10,10,ok,
LRC→ORC combo,louvain,1,0.01811730353413704,0.0781679395301071,46,46,168,1,0.940053541038651,0.9380448330193758,0.0020087080192752182,116,56,10,10,0.75,5,-1.1903386372909015,-0.01934311603140859,10,10,ok,
LRC→ORC combo,louvain,2,0.01811730353413704,0.0781679395301071,46,46,168,1,0.9398287910153158,0.9380448330193758,0.0017839579959399998,116,56,10,10,0.75,5,-1.1903386372909015,-0.01934311603140859,10,10,ok,
LRC→ORC combo,louvain,3,0.01811730353413704,0.0781679395301071,46,46,168,1,0.9398477080394514,0.9380448330193758,0.0018028750200755894,116,56,10,10,0.75,5,-1.1903386372909015,-0.01934311603140859,10,10,ok,
LRC→ORC combo,louvain,4,0.01811730353413704,0.0781679395301071,46,46,168,1,0.9398382499930449,0.9380448330193758,0.001793416973669082,116,56,10,10,0.75,5,-1.1903386372909015,-0.01934311603140859,10,10,ok,
LRC→ORC combo,louvain,42,0.01811730353413704,0.0781679395301071,46,46,168,1,0.9398423740058206,0.9380448330193758,0.001797540986444801,116,56,10,10,0.75,5,-1.1903386372909015,-0.01934311603140859,10,10,ok,
LRC→ORC combo,louvain,0,0.5424312553528801,0.6405358985375202,81,81,321,1,0.6268617080058903,0.6226442909683101,0.004217417037580162,176,0,15,0,0.75,5,-1.0961538461538463,,15,0,ok,
LRC→ORC combo,louvain,1,0.5285203169585228,0.6639820892849585,81,81,321,1,0.6265852909418754,0.6226442909683101,0.00394099997356534,176,0,15,0,0.75,5,-1.0961538461538463,,15,0,ok,
LRC→ORC combo,louvain,2,0.5334113544129261,0.6683259692464659,81,81,321,1,0.6266778739518486,0.6226442909683101,0.004033582983538508,176,0,15,0,0.75,5,-1.0961538461538463,,15,0,ok,
LRC→ORC combo,louvain,3,0.5285203169585228,0.6639820892849585,81,81,321,1,0.6262947909999639,0.6226442909683101,0.0036505000316537917,176,0,15,0,0.75,5,-1.0961538461538463,,15,0,ok,
LRC→ORC combo,louvain,4,0.5334113544129261,0.668325969246466,81,81,321,1,0.6263439989998005,0.6226442909683101,0.003699708031490445,176,0,15,0,0.75,5,-1.0961538461538463,,15,0,ok,
LRC→ORC combo,louvain,42,0.5157462483770645,0.6119223115731062,81,81,321,1,0.6262362489360385,0.6226442909683101,0.0035919579677283764,176,0,15,0,0.75,5,-1.0961538461538463,,15,0,ok,
LRC→ORC combo,louvain,0,0.11783796542160854,0.164869739031413,46,46,183,1,0.6537295420421287,0.6510751250316389,0.0026544170104898512,176,7,15,2,0.75,5,-1.0961538461538463,-0.07939398150725477,15,2,ok,
LRC→ORC combo,louvain,1,0.06059135345691541,0.09975134950710661,46,46,183,1,0.653051209053956,0.6510751250316389,0.0019760840223170817,176,7,15,2,0.75,5,-1.0961538461538463,-0.07939398150725477,15,2,ok,
LRC→ORC combo,louvain,2,0.014929372701455668,0.075769291810296,46,46,183,1,0.6535642920061946,0.6510751250316389,0.002489166974555701,176,7,15,2,0.75,5,-1.0961538461538463,-0.07939398150725477,15,2,ok,
LRC→ORC combo,louvain,3,0.014929372701455668,0.075769291810296,46,46,183,1,0.6536656670505181,0.6510751250316389,0.002590542018879205,176,7,15,2,0.75,5,-1.0961538461538463,-0.07939398150725477,15,2,ok,
LRC→ORC combo,louvain,4,0.014929372701455668,0.07576929181029599,46,46,183,1,0.653396584035363,0.6510751250316389,0.002321459003724158,176,7,15,2,0.75,5,-1.0961538461538463,-0.07939398150725477,15,2,ok,
LRC→ORC combo,louvain,42,0.0037207752540678626,0.011845433825055564,46,46,183,1,0.6537635829881765,0.6510751250316389,0.0026884579565376043,176,7,15,2,0.75,5,-1.0961538461538463,-0.07939398150725477,15,2,ok,
LRC→ORC combo,louvain,0,0.03588652393888792,0.09191634028707726,46,46,173,1,0.6279376660240814,0.6258738749893382,0.00206379103474319,176,17,15,5,0.75,5,-1.0961538461538463,-0.06547272139479166,15,5,ok,
LRC→ORC combo,louvain,1,0.03588652393888792,0.09191634028707726,46,46,173,1,0.628188583010342,0.6258738749893382,0.002314708021003753,176,17,15,5,0.75,5,-1.0961538461538463,-0.06547272139479166,15,5,ok,
LRC→ORC combo,louvain,2,0.03588652393888792,0.09191634028707726,46,46,173,1,0.6280119169969112,0.6258738749893382,0.002138042007572949,176,17,15,5,0.75,5,-1.0961538461538463,-0.06547272139479166,15,5,ok,
LRC→ORC combo,louvain,3,0.03588652393888792,0.09191634028707726,46,46,173,1,0.6279665830079466,0.6258738749893382,0.0020927080186083913,176,17,15,5,0.75,5,-1.0961538461538463,-0.06547272139479166,15,5,ok,
LRC→ORC combo,louvain,4,0.01811730353413704,0.0781679395301071,46,46,173,1,0.6279895000043325,0.6258738749893382,0.0021156250149942935,176,17,15,5,0.75,5,-1.0961538461538463,-0.06547272139479166,15,5,ok,
LRC→ORC combo,louvain,42,0.027195488442844952,0.12068861081126775,46,46,173,1,0.6276879169745371,0.6258738749893382,0.0018140419851988554,176,17,15,5,0.75,5,-1.0961538461538463,-0.06547272139479166,15,5,ok,
LRC→ORC combo,louvain,0,-0.002305741295826608,0.06519183164698433,46,46,159,1,0.6526632489985786,0.6503700409666635,0.0022932080319151282,176,33,15,10,0.75,5,-1.0961538461538463,-0.0301646099062296,15,10,ok,
LRC→ORC combo,louvain,1,-0.002305741295826608,0.06519183164698433,46,46,159,1,0.6521145819569938,0.6503700409666635,0.0017445409903302789,176,33,15,10,0.75,5,-1.0961538461538463,-0.0301646099062296,15,10,ok,
LRC→ORC combo,louvain,2,-0.002305741295826608,0.06519183164698433,46,46,159,1,0.652299873996526,0.6503700409666635,0.0019298330298624933,176,33,15,10,0.75,5,-1.0961538461538463,-0.0301646099062296,15,10,ok,
LRC→ORC combo,louvain,3,-0.002305741295826608,0.06519183164698433,46,46,159,1,0.6523330409545451,0.6503700409666635,0.0019629999878816307,176,33,15,10,0.75,5,-1.0961538461538463,-0.0301646099062296,15,10,ok,
LRC→ORC combo,louvain,4,-0.002305741295826608,0.06519183164698433,46,46,159,1,0.6525652079726569,0.6503700409666635,0.002195167005993426,176,33,15,10,0.75,5,-1.0961538461538463,-0.0301646099062296,15,10,ok,
LRC→ORC combo,louvain,42,0.00405810468065483,0.10718408469008579,46,46,159,1,0.6521577069652267,0.6503700409666635,0.0017876659985631704,176,33,15,10,0.75,5,-1.0961538461538463,-0.0301646099062296,15,10,ok,
LRC→ORC combo,louvain,0,-0.00751952651239509,0.02306868744882452,64,64,187,1,0.4850583740626462,0.4821989160263911,0.0028594580362550914,235,0,20,0,0.75,5,-1.0125000000000002,,20,0,ok,
LRC→ORC combo,louvain,1,0.00989423404981235,0.04161753598906712,64,64,187,1,0.4850142910145223,0.4821989160263911,0.002815374988131225,235,0,20,0,0.75,5,-1.0125000000000002,,20,0,ok,
LRC→ORC combo,louvain,2,0.010337579891047914,0.04185172015510462,64,64,187,1,0.48519995802780613,0.4821989160263911,0.003001042001415044,235,0,20,0,0.75,5,-1.0125000000000002,,20,0,ok,
LRC→ORC combo,louvain,3,-0.008534782816001526,0.022646777312211933,64,64,187,1,0.48453149903798476,0.4821989160263911,0.0023325830115936697,235,0,20,0,0.75,5,-1.0125000000000002,,20,0,ok,
LRC→ORC combo,louvain,4,0.005111308241456511,0.0352245846650165,64,64,187,1,0.485269082011655,0.4821989160263911,0.003070165985263884,235,0,20,0,0.75,5,-1.0125000000000002,,20,0,ok,
LRC→ORC combo,louvain,42,-0.00751952651239509,0.02306868744882452,64,64,187,1,0.4854046660475433,0.4821989160263911,0.0032057500211521983,235,0,20,0,0.75,5,-1.0125000000000002,,20,0,ok,
LRC→ORC combo,louvain,0,-0.007741766172418318,0.022457079127638988,64,64,183,1,0.4632767910370603,0.46021529100835323,0.003061500028707087,235,4,20,2,0.75,5,-1.0125000000000002,-0.14873224983507363,20,2,ok,
LRC→ORC combo,louvain,1,-0.008804707297169609,0.021901667283883496,64,64,183,1,0.4625752499559894,0.46021529100835323,0.002359958947636187,235,4,20,2,0.75,5,-1.0125000000000002,-0.14873224983507363,20,2,ok,
LRC→ORC combo,louvain,2,-0.007741766172418318,0.022457079127638988,64,64,183,1,0.4629652489675209,0.46021529100835323,0.0027499579591676593,235,4,20,2,0.75,5,-1.0125000000000002,-0.14873224983507363,20,2,ok,
LRC→ORC combo,louvain,3,-0.003692796709203945,0.026450579690499083,64,64,183,1,0.4637783750076778,0.46021529100835323,0.00356308399932459,235,4,20,2,0.75,5,-1.0125000000000002,-0.14873224983507363,20,2,ok,
LRC→ORC combo,louvain,4,-0.008804707297169609,0.021901667283883496,64,64,183,1,0.46349491603905335,0.46021529100835323,0.0032796250307001173,235,4,20,2,0.75,5,-1.0125000000000002,-0.14873224983507363,20,2,ok,
LRC→ORC combo,louvain,42,-0.007741766172418318,0.022457079127638988,64,64,183,1,0.46296733198687434,0.46021529100835323,0.0027520409785211086,235,4,20,2,0.75,5,-1.0125000000000002,-0.14873224983507363,20,2,ok,
LRC→ORC combo,louvain,0,-0.02443280977312391,0.024788596536877542,42,42,134,1,0.4663404989987612,0.46415929100476205,0.0021812079939991236,235,10,20,5,0.75,5,-1.0125000000000002,-0.10332059064908547,20,5,ok,
LRC→ORC combo,louvain,1,-0.018743109151047408,0.028956122564878648,42,42,134,1,0.465862000011839,0.46415929100476205,0.001702709007076919,235,10,20,5,0.75,5,-1.0125000000000002,-0.10332059064908547,20,5,ok,
LRC→ORC combo,louvain,2,-0.011908699966920278,0.03404858189363616,42,42,134,1,0.4670361240277998,0.46415929100476205,0.0028768330230377614,235,10,20,5,0.75,5,-1.0125000000000002,-0.10332059064908547,20,5,ok,
LRC→ORC combo,louvain,3,0.011366254511942247,0.056069554020284997,42,42,134,1,0.46626704098889604,0.46415929100476205,0.0021077499841339886,235,10,20,5,0.75,5,-1.0125000000000002,-0.10332059064908547,20,5,ok,
LRC→ORC combo,louvain,4,-0.020273972602739727,0.028143708221884594,42,42,134,1,0.4661905409884639,0.46415929100476205,0.002031249983701855,235,10,20,5,0.75,5,-1.0125000000000002,-0.10332059064908547,20,5,ok,
LRC→ORC combo,louvain,42,-0.012956603184514517,0.032995495297995545,42,42,134,1,0.4660298320231959,0.46415929100476205,0.0018705410184338689,235,10,20,5,0.75,5,-1.0125000000000002,-0.10332059064908547,20,5,ok,
LRC→ORC combo,louvain,0,0.007982004208693128,0.05360954565029645,42,42,129,1,0.46307187498314306,0.46102787501877174,0.0020439999643713236,235,19,20,10,0.75,5,-1.0125000000000002,-0.0913985987864788,20,10,ok,
LRC→ORC combo,louvain,1,0.007982004208693128,0.05360954565029645,42,42,129,1,0.46311154204886407,0.46102787501877174,0.002083667030092329,235,19,20,10,0.75,5,-1.0125000000000002,-0.0913985987864788,20,10,ok,
LRC→ORC combo,louvain,2,-0.009661106498603668,0.036189472997254876,42,42,129,1,0.4642204580595717,0.46102787501877174,0.0031925830407999456,235,19,20,10,0.75,5,-1.0125000000000002,-0.0913985987864788,20,10,ok,
LRC→ORC combo,louvain,3,0.001639344262295082,0.04689295188683134,42,42,129,1,0.46272866701474413,0.46102787501877174,0.001700791995972395,235,19,20,10,0.75,5,-1.0125000000000002,-0.0913985987864788,20,10,ok,
LRC→ORC combo,louvain,4,-0.0034669882423876996,0.04135975226153506,42,42,129,1,0.46283529204083607,0.46102787501877174,0.0018074170220643282,235,19,20,10,0.75,5,-1.0125000000000002,-0.0913985987864788,20,10,ok,
LRC→ORC combo,louvain,42,0.00030321406913280777,0.044533227396233395,42,42,129,1,0.46268312499159947,0.46102787501877174,0.0016552499728277326,235,19,20,10,0.75,5,-1.0125000000000002,-0.0913985987864788,20,10,ok,
