lrc_pct,orc_pct,ARI_mean,ARI_std,NMI_mean,NMI_std,Runtime_mean
10,15,0.7977139671533127,0.11762529088323156,0.78755294819787,0.07071966423983239,6.890465879440308
10,25,0.7790610362100462,0.053053877502211653,0.7590190477996926,0.043605533877628465,6.912349557876587
10,35,0.748367610198026,0.027587496564790388,0.7417955701641563,0.03688400898386788,7.172773313522339
20,15,0.8001429097539138,0.04645990636231733,0.778226449209853,0.03781665381264256,4.910066747665406
20,25,0.7683511655297552,0.0520265405806838,0.7513338254958559,0.04901746568561942,4.930679368972778
20,35,0.7162070524772762,0.04972858128568156,0.7152174957461425,0.035031605400685804,4.86693434715271
30,15,0.7314273152048065,0.07514511950796685,0.7252578717142607,0.046582660426668386,3.772001600265503
30,25,0.7255532120246979,0.06532169858221291,0.7177631786708739,0.041887865578991594,3.673626756668091
30,35,0.6604656850113307,0.06929057209547028,0.6751596502403105,0.05573381738818691,3.711415481567383
