lrc_pct,orc_pct,ARI_mean,ARI_std,NMI_mean,NMI_std,Runtime_mean,Runtime_std
10,15,0.49498737204579574,0.017152474765890373,0.5068580998785904,0.014038162802261738,4.775005292892456,0.1718478363446604
10,25,0.5666938942155575,0.01888580666039366,0.5728413655968991,0.015113982183978927,5.182766580581665,0.8649097315928624
10,35,0.4798161006532301,0.02834428041687315,0.5119176197544248,0.02375579794744804,5.021509742736816,0.3954756059368806
20,15,0.4637631393436107,0.016191288608166498,0.48210885600841624,0.013605323861017805,4.451248264312744,0.16188881243041248
20,25,0.5139176835756614,0.04898711866339624,0.5357958782033165,0.03788565562834498,4.43744478225708,0.1440409697508403
20,35,0.32686583894765786,0.02877850583563538,0.47385770890396184,0.01402029252734284,4.40586290359497,0.25632961092912526
30,15,0.27103314585077454,0.031643014183129634,0.33413305642618196,0.022187910067736738,4.382170963287353,0.1734558640240552
30,25,0.17723582572097044,0.03758247468056956,0.3356633597393427,0.020139050626039514,4.149101638793946,0.1792528325226121
30,35,0.10823606760664468,0.012622360406640658,0.3375414646442982,0.02083957475381155,4.117139577865601,0.15292359373789244
