seed,lrc_pct,orc_pct,alpha,p_in,p_out,ARI,NMI,Runtime,Prep_time,Community_time,V,E,status
0,0,0,0.5,0.022098359608803863,4.23133919488454e-05,0.5733203590793602,0.790929914050819,29.40442441694904,29.184140375000425,0.2202840419486165,4508,12863,ok
1,0,0,0.5,0.022098359608803863,4.23133919488454e-05,0.5277617038948866,0.7888301660355322,29.403749625082128,29.184140375000425,0.21960925008170307,4508,12863,ok
2,0,0,0.5,0.022098359608803863,4.23133919488454e-05,0.5383728051091663,0.7902414134518472,29.423200875055045,29.184140375000425,0.2390605000546202,4508,12863,ok
3,0,0,0.5,0.022098359608803863,4.23133919488454e-05,0.5184920537401857,0.7943576649369357,29.669602792011574,29.184140375000425,0.4854624170111492,4508,12863,ok
4,0,0,0.5,0.022098359608803863,4.23133919488454e-05,0.5622640513620368,0.8007778978118039,29.4169994170079,29.184140375000425,0.2328590420074761,4508,12863,ok
42,0,0,0.5,0.022098359608803863,4.23133919488454e-05,0.5731841880964843,0.7998135120704853,29.421805249992758,29.184140375000425,0.23766487499233335,4508,12863,ok
0,0,10,0.5,0.022098359608803863,4.23133919488454e-05,0.47852204549028254,0.7727920117775444,32.31766958301887,32.1247555000009,0.19291408301796764,3820,10436,ok
1,0,10,0.5,0.022098359608803863,4.23133919488454e-05,0.4946479196767762,0.7746246869814859,32.30484362493735,32.1247555000009,0.18008812493644655,3820,10436,ok
2,0,10,0.5,0.022098359608803863,4.23133919488454e-05,0.49749149354742556,0.7772145861560066,32.353136499994434,32.1247555000009,0.2283809999935329,3820,10436,ok
3,0,10,0.5,0.022098359608803863,4.23133919488454e-05,0.5038589782313847,0.7785417045229927,32.30942841700744,32.1247555000009,0.18467291700653732,3820,10436,ok
4,0,10,0.5,0.022098359608803863,4.23133919488454e-05,0.4911963916316817,0.7829157316842829,32.30743375001475,32.1247555000009,0.18267825001385063,3820,10436,ok
42,0,10,0.5,0.022098359608803863,4.23133919488454e-05,0.47915435283125113,0.7717073761564125,32.322885792003945,32.1247555000009,0.198130292003043,3820,10436,ok
0,0,20,0.5,0.022098359608803863,4.23133919488454e-05,0.41648050833741285,0.7321599295450252,28.33855354192201,28.270017249975353,0.068536291946657,1579,4793,ok
1,0,20,0.5,0.022098359608803863,4.23133919488454e-05,0.4113570817283404,0.7280187694534539,28.34649237501435,28.270017249975353,0.07647512503899634,1579,4793,ok
2,0,20,0.5,0.022098359608803863,4.23133919488454e-05,0.4157317159605354,0.7274492952060129,28.347660291939974,28.270017249975353,0.07764304196462035,1579,4793,ok
3,0,20,0.5,0.022098359608803863,4.23133919488454e-05,0.4013259897573336,0.7274159157440262,28.340018457965925,28.270017249975353,0.07000120799057186,1579,4793,ok
4,0,20,0.5,0.022098359608803863,4.23133919488454e-05,0.4112063657308543,0.7292920125906879,28.34024725004565,28.270017249975353,0.07023000007029623,1579,4793,ok
42,0,20,0.5,0.022098359608803863,4.23133919488454e-05,0.42053407994516856,0.7348325897966425,28.359069416997954,28.270017249975353,0.08905216702260077,1579,4793,ok
0,0,30,0.5,0.022098359608803863,4.23133919488454e-05,0.15983776177468753,0.17803310064691316,42.522369708050974,42.51874891598709,0.003620792063884437,36,514,ok
1,0,30,0.5,0.022098359608803863,4.23133919488454e-05,0.1894423158790975,0.19351813268707196,42.52217745804228,42.51874891598709,0.0034285420551896095,36,514,ok
2,0,30,0.5,0.022098359608803863,4.23133919488454e-05,0.1894423158790975,0.19351813268707196,42.522095041000284,42.51874891598709,0.0033461250131949782,36,514,ok
3,0,30,0.5,0.022098359608803863,4.23133919488454e-05,0.15983776177468753,0.17803310064691316,42.521866041002795,42.51874891598709,0.003117125015705824,36,514,ok
4,0,30,0.5,0.022098359608803863,4.23133919488454e-05,0.1894423158790975,0.19351813268707196,42.522298916010186,42.51874891598709,0.0035500000230968,36,514,ok
42,0,30,0.5,0.022098359608803863,4.23133919488454e-05,0.15983776177468753,0.17803310064691316,42.52256700000726,42.51874891598709,0.003818084020167589,36,514,ok
0,0,40,0.5,0.022098359608803863,4.23133919488454e-05,0.40573994961112936,0.30215883912206715,28.019399374956265,28.01699358294718,0.002405792009085417,36,233,ok
1,0,40,0.5,0.022098359608803863,4.23133919488454e-05,0.40573994961112936,0.30215883912206715,28.019126791041344,28.01699358294718,0.002133208094164729,36,233,ok
2,0,40,0.5,0.022098359608803863,4.23133919488454e-05,0.40573994961112936,0.30215883912206715,28.019331123912707,28.01699358294718,0.002337540965527296,36,233,ok
3,0,40,0.5,0.022098359608803863,4.23133919488454e-05,0.40573994961112936,0.30215883912206715,28.01957295788452,28.01699358294718,0.002579374937340617,36,233,ok
4,0,40,0.5,0.022098359608803863,4.23133919488454e-05,0.21663442940038685,0.20367646508658066,28.0193300829269,28.01699358294718,0.0023364999797195196,36,233,ok
42,0,40,0.5,0.022098359608803863,4.23133919488454e-05,0.40573994961112936,0.30215883912206715,28.01933879184071,28.01699358294718,0.0023452088935300708,36,233,ok
0,0,50,0.5,0.022098359608803863,4.23133919488454e-05,0.1894423158790975,0.19351813268707196,28.04166999994777,28.040377374971285,0.0012926249764859676,36,75,ok
1,0,50,0.5,0.022098359608803863,4.23133919488454e-05,0.1894423158790975,0.19351813268707196,28.041489333030768,28.040377374971285,0.0011119580594822764,36,75,ok
2,0,50,0.5,0.022098359608803863,4.23133919488454e-05,0.18541505042668735,0.18681698233723282,28.041428499971516,28.040377374971285,0.001051125000230968,36,75,ok
3,0,50,0.5,0.022098359608803863,4.23133919488454e-05,0.1894423158790975,0.19351813268707196,28.041481916909106,28.040377374971285,0.0011045419378206134,36,75,ok
4,0,50,0.5,0.022098359608803863,4.23133919488454e-05,0.18541505042668735,0.18681698233723282,28.04142529098317,28.040377374971285,0.0010479160118848085,36,75,ok
42,0,50,0.5,0.022098359608803863,4.23133919488454e-05,0.1894423158790975,0.19351813268707196,28.041475625010207,28.040377374971285,0.001098250038921833,36,75,ok
0,10,0,0.5,0.022098359608803863,4.23133919488454e-05,0.21210018440390122,0.5780674984616727,2.3671741670696065,2.3505467500071973,0.016627417062409222,465,1175,ok
1,10,0,0.5,0.022098359608803863,4.23133919488454e-05,0.21210018440390122,0.5780674984616728,2.370186041924171,2.3505467500071973,0.01963929191697389,465,1175,ok
2,10,0,0.5,0.022098359608803863,4.23133919488454e-05,0.2112492047098957,0.5732438867468108,2.3653565420536324,2.3505467500071973,0.014809792046435177,465,1175,ok
3,10,0,0.5,0.022098359608803863,4.23133919488454e-05,0.21210018440390122,0.5780674984616726,2.3651147090131417,2.3505467500071973,0.01456795900594443,465,1175,ok
4,10,0,0.5,0.022098359608803863,4.23133919488454e-05,0.21210018440390122,0.5780674984616727,2.3654764589155093,2.3505467500071973,0.014929708908312023,465,1175,ok
42,10,0,0.5,0.022098359608803863,4.23133919488454e-05,0.21210018440390122,0.5780674984616727,2.366572625003755,2.3505467500071973,0.016025874996557832,465,1175,ok
0,10,10,0.5,0.022098359608803863,4.23133919488454e-05,0.22702667608079924,0.40367098142182134,2.7866829169215634,2.7812930839136243,0.00538983300793916,130,329,ok
1,10,10,0.5,0.022098359608803863,4.23133919488454e-05,0.2240368915401652,0.38868359530072843,2.7851826248224825,2.7812930839136243,0.00388954090885818,130,329,ok
2,10,10,0.5,0.022098359608803863,4.23133919488454e-05,0.22702667608079924,0.4036709814218213,2.7856009169481695,2.7812930839136243,0.004307833034545183,130,329,ok
3,10,10,0.5,0.022098359608803863,4.23133919488454e-05,0.22702667608079924,0.40367098142182134,2.7863142510177568,2.7812930839136243,0.0050211671041324735,130,329,ok
4,10,10,0.5,0.022098359608803863,4.23133919488454e-05,0.22702667608079924,0.4036709814218213,2.785495041985996,2.7812930839136243,0.004201958072371781,130,329,ok
42,10,10,0.5,0.022098359608803863,4.23133919488454e-05,0.22702667608079924,0.40367098142182134,2.785536417970434,2.7812930839136243,0.0042433340568095446,130,329,ok
0,10,20,0.5,0.022098359608803863,4.23133919488454e-05,0.0,0.0,2.4603757079457864,2.457949750008993,0.0024259579367935658,49,190,ok
1,10,20,0.5,0.022098359608803863,4.23133919488454e-05,0.0,0.0,2.45974920806475,2.457949750008993,0.0017994580557569861,49,190,ok
2,10,20,0.5,0.022098359608803863,4.23133919488454e-05,0.0,0.0,2.459923666086979,2.457949750008993,0.0019739160779863596,49,190,ok
3,10,20,0.5,0.022098359608803863,4.23133919488454e-05,0.0,0.0,2.4601507500046864,2.457949750008993,0.0022009999956935644,49,190,ok
4,10,20,0.5,0.022098359608803863,4.23133919488454e-05,0.0,0.0,2.4599365839967504,2.457949750008993,0.0019868339877575636,49,190,ok
42,10,20,0.5,0.022098359608803863,4.23133919488454e-05,0.0,0.0,2.4599395419936627,2.457949750008993,0.001989791984669864,49,190,ok
0,10,30,0.5,0.022098359608803863,4.23133919488454e-05,0.0,0.0,2.649385166936554,2.6478592499624938,0.0015259169740602374,23,110,ok
1,10,30,0.5,0.022098359608803863,4.23133919488454e-05,0.0,0.0,2.649261833867058,2.6478592499624938,0.0014025839045643806,23,110,ok
2,10,30,0.5,0.022098359608803863,4.23133919488454e-05,0.0,0.0,2.6489910419331864,2.6478592499624938,0.001131791970692575,23,110,ok
3,10,30,0.5,0.022098359608803863,4.23133919488454e-05,0.0,0.0,2.6491401669336483,2.6478592499624938,0.001280916971154511,23,110,ok
4,10,30,0.5,0.022098359608803863,4.23133919488454e-05,0.0,0.0,2.649217707919888,2.6478592499624938,0.001358457957394421,23,110,ok
42,10,30,0.5,0.022098359608803863,4.23133919488454e-05,0.0,0.0,2.6490813749842346,2.6478592499624938,0.0012221250217407942,23,110,ok
0,10,40,0.5,0.022098359608803863,4.23133919488454e-05,0.0,0.0,2.8113796670222655,2.809945416986011,0.0014342500362545252,23,72,ok
1,10,40,0.5,0.022098359608803863,4.23133919488454e-05,0.0,0.0,2.8109569170046598,2.809945416986011,0.0010115000186488032,23,72,ok
2,10,40,0.5,0.022098359608803863,4.23133919488454e-05,0.0,0.0,2.81086620897986,2.809945416986011,0.0009207919938489795,23,72,ok
3,10,40,0.5,0.022098359608803863,4.23133919488454e-05,0.0,0.0,2.810923874960281,2.809945416986011,0.0009784579742699862,23,72,ok
4,10,40,0.5,0.022098359608803863,4.23133919488454e-05,0.0,0.0,2.810966334072873,2.809945416986011,0.0010209170868620276,23,72,ok
42,10,40,0.5,0.022098359608803863,4.23133919488454e-05,0.0,0.0,2.8108673339011148,2.809945416986011,0.0009219169151037931,23,72,ok
0,10,50,0.5,0.022098359608803863,4.23133919488454e-05,0.0,0.0,2.955341290915385,2.95392662496306,0.0014146659523248672,23,66,ok
1,10,50,0.5,0.022098359608803863,4.23133919488454e-05,0.0,0.0,2.954971040948294,2.95392662496306,0.0010444159852340817,23,66,ok
2,10,50,0.5,0.022098359608803863,4.23133919488454e-05,0.0,0.0,2.955086665926501,2.95392662496306,0.0011600409634411335,23,66,ok
3,10,50,0.5,0.022098359608803863,4.23133919488454e-05,0.0,0.0,2.9549232919234782,2.95392662496306,0.0009966669604182243,23,66,ok
4,10,50,0.5,0.022098359608803863,4.23133919488454e-05,0.0,0.0,2.9551502499962226,2.95392662496306,0.0012236250331625342,23,66,ok
42,10,50,0.5,0.022098359608803863,4.23133919488454e-05,0.0,0.0,2.955049290903844,2.95392662496306,0.001122665940783918,23,66,ok
0,20,0,0.5,0.022098359608803863,4.23133919488454e-05,0.12014841464269391,0.43596287543433687,0.866033375961706,0.861079083988443,0.004954291973263025,147,267,ok
1,20,0,0.5,0.022098359608803863,4.23133919488454e-05,0.12014841464269391,0.43596287543433687,0.8656029590638354,0.861079083988443,0.004523875075392425,147,267,ok
2,20,0,0.5,0.022098359608803863,4.23133919488454e-05,0.12014841464269391,0.43596287543433687,0.8656146669527516,0.861079083988443,0.00453558296430856,147,267,ok
3,20,0,0.5,0.022098359608803863,4.23133919488454e-05,0.12014841464269391,0.43596287543433687,0.8664563340134919,0.861079083988443,0.005377250025048852,147,267,ok
4,20,0,0.5,0.022098359608803863,4.23133919488454e-05,0.12014841464269391,0.43596287543433687,0.8659467500401661,0.861079083988443,0.004867666051723063,147,267,ok
42,20,0,0.5,0.022098359608803863,4.23133919488454e-05,0.12014841464269391,0.43596287543433687,0.8661629589041695,0.861079083988443,0.005083874915726483,147,267,ok
0,20,10,0.5,0.022098359608803863,4.23133919488454e-05,0.0,0.0,0.9142214170424268,0.9129380839876831,0.0012833330547437072,37,95,ok
1,20,10,0.5,0.022098359608803863,4.23133919488454e-05,0.0,0.0,0.9144582509761676,0.9129380839876831,0.0015201669884845614,37,95,ok
2,20,10,0.5,0.022098359608803863,4.23133919488454e-05,0.0,0.0,0.9142345839645714,0.9129380839876831,0.001296499976888299,37,95,ok
3,20,10,0.5,0.022098359608803863,4.23133919488454e-05,0.0,0.0,0.9140403759665787,0.9129380839876831,0.0011022919788956642,37,95,ok
4,20,10,0.5,0.022098359608803863,4.23133919488454e-05,0.0,0.0,0.9141634589759633,0.9129380839876831,0.0012253749882802367,37,95,ok
42,20,10,0.5,0.022098359608803863,4.23133919488454e-05,0.0,0.0,0.9141477089142427,0.9129380839876831,0.001209624926559627,37,95,ok
0,20,20,0.5,0.022098359608803863,4.23133919488454e-05,0.0,0.0,0.9222167499829084,0.9210743750445545,0.0011423749383538961,30,76,ok
1,20,20,0.5,0.022098359608803863,4.23133919488454e-05,0.0,0.0,0.9220608751056716,0.9210743750445545,0.0009865000611171126,30,76,ok
2,20,20,0.5,0.022098359608803863,4.23133919488454e-05,0.0,0.0,0.9220005840761587,0.9210743750445545,0.0009262090316042304,30,76,ok
3,20,20,0.5,0.022098359608803863,4.23133919488454e-05,0.0,0.0,0.9220297500723973,0.9210743750445545,0.0009553750278428197,30,76,ok
4,20,20,0.5,0.022098359608803863,4.23133919488454e-05,0.0,0.0,0.9218984580365941,0.9210743750445545,0.0008240829920396209,30,76,ok
42,20,20,0.5,0.022098359608803863,4.23133919488454e-05,0.0,0.0,0.9220288329524919,0.9210743750445545,0.0009544579079374671,30,76,ok
0,20,30,0.5,0.022098359608803863,4.23133919488454e-05,0.0,0.0,0.9314189580036327,0.930711374967359,0.0007075830362737179,10,26,ok
1,20,30,0.5,0.022098359608803863,4.23133919488454e-05,0.0,0.0,0.9311267919838428,0.930711374967359,0.0004154170164838433,10,26,ok
2,20,30,0.5,0.022098359608803863,4.23133919488454e-05,0.0,0.0,0.9312299169832841,0.930711374967359,0.0005185420159250498,10,26,ok
3,20,30,0.5,0.022098359608803863,4.23133919488454e-05,0.0,0.0,0.9311782079748809,0.930711374967359,0.00046683300752192736,10,26,ok
4,20,30,0.5,0.022098359608803863,4.23133919488454e-05,0.0,0.0,0.9316859999671578,0.930711374967359,0.0009746249997988343,10,26,ok
42,20,30,0.5,0.022098359608803863,4.23133919488454e-05,0.0,0.0,0.9311417499557137,0.930711374967359,0.0004303749883547425,10,26,ok
0,20,40,0.5,0.022098359608803863,4.23133919488454e-05,0.0,0.0,0.9304601671174169,0.9297426670091227,0.000717500108294189,10,16,ok
1,20,40,0.5,0.022098359608803863,4.23133919488454e-05,0.0,0.0,0.9301215839805081,0.9297426670091227,0.000378916971385479,10,16,ok
2,20,40,0.5,0.022098359608803863,4.23133919488454e-05,0.0,0.0,0.9301399589749053,0.9297426670091227,0.00039729196578264236,10,16,ok
3,20,40,0.5,0.022098359608803863,4.23133919488454e-05,0.0,0.0,0.9301347919972613,0.9297426670091227,0.0003921249881386757,10,16,ok
4,20,40,0.5,0.022098359608803863,4.23133919488454e-05,0.0,0.0,0.9302740000421181,0.9297426670091227,0.0005313330329954624,10,16,ok
42,20,40,0.5,0.022098359608803863,4.23133919488454e-05,0.0,0.0,0.9301335839554667,0.9297426670091227,0.0003909169463440776,10,16,ok
0,20,50,0.5,0.022098359608803863,4.23133919488454e-05,0.0,0.0,1.0935173339676112,1.0928276249906048,0.0006897089770063758,10,14,ok
1,20,50,0.5,0.022098359608803863,4.23133919488454e-05,0.0,0.0,1.0931750000454485,1.0928276249906048,0.0003473750548437238,10,14,ok
2,20,50,0.5,0.022098359608803863,4.23133919488454e-05,0.0,0.0,1.0931967908982188,1.0928276249906048,0.0003691659076139331,10,14,ok
3,20,50,0.5,0.022098359608803863,4.23133919488454e-05,0.0,0.0,1.0932012089760974,1.0928276249906048,0.0003735839854925871,10,14,ok
4,20,50,0.5,0.022098359608803863,4.23133919488454e-05,0.0,0.0,1.0931899159913883,1.0928276249906048,0.00036229100078344345,10,14,ok
42,20,50,0.5,0.022098359608803863,4.23133919488454e-05,0.0,0.0,1.0933204169850796,1.0928276249906048,0.0004927919944748282,10,14,ok
0,30,0,0.5,0.022098359608803863,4.23133919488454e-05,0.0,0.0,0.7547269579954445,0.7524458330590278,0.002281124936416745,53,143,ok
1,30,0,0.5,0.022098359608803863,4.23133919488454e-05,0.0,0.0,0.7544355830177665,0.7524458330590278,0.0019897499587386847,53,143,ok
2,30,0,0.5,0.022098359608803863,4.23133919488454e-05,0.0,0.0,0.7546856250846758,0.7524458330590278,0.0022397920256480575,53,143,ok
3,30,0,0.5,0.022098359608803863,4.23133919488454e-05,0.0,0.0,0.7543541659833863,0.7524458330590278,0.0019083329243585467,53,143,ok
4,30,0,0.5,0.022098359608803863,4.23133919488454e-05,0.0,0.0,0.754314958001487,0.7524458330590278,0.001869124942459166,53,143,ok
42,30,0,0.5,0.022098359608803863,4.23133919488454e-05,0.0,0.0,0.7543310411274433,0.7524458330590278,0.0018852080684155226,53,143,ok
0,30,10,0.5,0.022098359608803863,4.23133919488454e-05,0.0,0.0,0.7501615409273654,0.7483546249568462,0.001806915970519185,45,115,ok
1,30,10,0.5,0.022098359608803863,4.23133919488454e-05,0.0,0.0,0.7503106659278274,0.7483546249568462,0.001956040970981121,45,115,ok
2,30,10,0.5,0.022098359608803863,4.23133919488454e-05,0.0,0.0,0.7497288748854771,0.7483546249568462,0.0013742499286308885,45,115,ok
3,30,10,0.5,0.022098359608803863,4.23133919488454e-05,0.0,0.0,0.7497861249139532,0.7483546249568462,0.0014314999571070075,45,115,ok
4,30,10,0.5,0.022098359608803863,4.23133919488454e-05,0.0,0.0,0.7501296249683946,0.7483546249568462,0.0017750000115484,45,115,ok
42,30,10,0.5,0.022098359608803863,4.23133919488454e-05,0.0,0.0,0.7498844170477241,0.7483546249568462,0.0015297920908778906,45,115,ok
0,30,20,0.5,0.022098359608803863,4.23133919488454e-05,0.0,0.0,1.0981684159487486,1.097442458034493,0.0007259579142555594,12,25,ok
1,30,20,0.5,0.022098359608803863,4.23133919488454e-05,0.0,0.0,1.0978638749802485,1.097442458034493,0.0004214169457554817,12,25,ok
2,30,20,0.5,0.022098359608803863,4.23133919488454e-05,0.0,0.0,1.0978408330120146,1.097442458034493,0.00039837497752159834,12,25,ok
3,30,20,0.5,0.022098359608803863,4.23133919488454e-05,0.0,0.0,1.0980544169433415,1.097442458034493,0.0006119589088484645,12,25,ok
4,30,20,0.5,0.022098359608803863,4.23133919488454e-05,0.0,0.0,1.0980534580303356,1.097442458034493,0.000610999995842576,12,25,ok
42,30,20,0.5,0.022098359608803863,4.23133919488454e-05,0.0,0.0,1.0978663739515468,1.097442458034493,0.0004239159170538187,12,25,ok
0,30,30,0.5,0.022098359608803863,4.23133919488454e-05,0.0,0.0,0.783110041054897,0.7824228330282494,0.0006872080266475677,11,28,ok
1,30,30,0.5,0.022098359608803863,4.23133919488454e-05,0.0,0.0,0.7829180411063135,0.7824228330282494,0.0004952080780640244,11,28,ok
2,30,30,0.5,0.022098359608803863,4.23133919488454e-05,0.0,0.0,0.7832146671134979,0.7824228330282494,0.0007918340852484107,11,28,ok
3,30,30,0.5,0.022098359608803863,4.23133919488454e-05,0.0,0.0,0.7829227079637349,0.7824228330282494,0.0004998749354854226,11,28,ok
4,30,30,0.5,0.022098359608803863,4.23133919488454e-05,0.0,0.0,0.7832410000264645,0.7824228330282494,0.0008181669982150197,11,28,ok
42,30,30,0.5,0.022098359608803863,4.23133919488454e-05,0.0,0.0,0.7831041250610724,0.7824228330282494,0.0006812920328229666,11,28,ok
0,30,40,0.5,0.022098359608803863,4.23133919488454e-05,0.0,0.0,0.7990436239633709,0.7982896659523249,0.000753958011046052,11,25,ok
1,30,40,0.5,0.022098359608803863,4.23133919488454e-05,0.0,0.0,0.7988454569131136,0.7982896659523249,0.0005557909607887268,11,25,ok
2,30,40,0.5,0.022098359608803863,4.23133919488454e-05,0.0,0.0,0.7988444999791682,0.7982896659523249,0.0005548340268433094,11,25,ok
3,30,40,0.5,0.022098359608803863,4.23133919488454e-05,0.0,0.0,0.7989279989851639,0.7982896659523249,0.0006383330328390002,11,25,ok
4,30,40,0.5,0.022098359608803863,4.23133919488454e-05,0.0,0.0,0.7988042490324005,0.7982896659523249,0.0005145830800756812,11,25,ok
42,30,40,0.5,0.022098359608803863,4.23133919488454e-05,0.0,0.0,0.7987299578962848,0.7982896659523249,0.0004402919439598918,11,25,ok
0,30,50,0.5,0.022098359608803863,4.23133919488454e-05,0.0,0.0,0.7206673750188202,0.7199875420192257,0.0006798329995945096,11,25,ok
1,30,50,0.5,0.022098359608803863,4.23133919488454e-05,0.0,0.0,0.720472167013213,0.7199875420192257,0.00048462499398738146,11,25,ok
2,30,50,0.5,0.022098359608803863,4.23133919488454e-05,0.0,0.0,0.7204603330465034,0.7199875420192257,0.00047279102727770805,11,25,ok
3,30,50,0.5,0.022098359608803863,4.23133919488454e-05,0.0,0.0,0.720509749953635,0.7199875420192257,0.00052220793440938,11,25,ok
4,30,50,0.5,0.022098359608803863,4.23133919488454e-05,0.0,0.0,0.7204125419957563,0.7199875420192257,0.0004249999765306711,11,25,ok
42,30,50,0.5,0.022098359608803863,4.23133919488454e-05,0.0,0.0,0.7204103750409558,0.7199875420192257,0.00042283302173018456,11,25,ok
0,40,0,0.5,0.022098359608803863,4.23133919488454e-05,0.0,0.0,0.7187329588923603,0.7169863749295473,0.0017465839628130198,45,85,ok
1,40,0,0.5,0.022098359608803863,4.23133919488454e-05,0.0,0.0,0.7181773328920826,0.7169863749295473,0.0011909579625353217,45,85,ok
2,40,0,0.5,0.022098359608803863,4.23133919488454e-05,0.0,0.0,0.7183237079298124,0.7169863749295473,0.0013373330002650619,45,85,ok
3,40,0,0.5,0.022098359608803863,4.23133919488454e-05,0.0,0.0,0.7188168748980388,0.7169863749295473,0.0018304999684914947,45,85,ok
4,40,0,0.5,0.022098359608803863,4.23133919488454e-05,0.0,0.0,0.7189198328414932,0.7169863749295473,0.0019334579119458795,45,85,ok
42,40,0,0.5,0.022098359608803863,4.23133919488454e-05,0.0,0.0,0.7182423329213634,0.7169863749295473,0.0012559579918161035,45,85,ok
0,40,10,0.5,0.022098359608803863,4.23133919488454e-05,0.0,0.0,0.6656071670586243,0.6649486250244081,0.0006585420342162251,9,19,ok
1,40,10,0.5,0.022098359608803863,4.23133919488454e-05,0.0,0.0,0.6655452910345048,0.6649486250244081,0.0005966660100966692,9,19,ok
2,40,10,0.5,0.022098359608803863,4.23133919488454e-05,0.0,0.0,0.665415707975626,0.6649486250244081,0.0004670829512178898,9,19,ok
3,40,10,0.5,0.022098359608803863,4.23133919488454e-05,0.0,0.0,0.6652857919689268,0.6649486250244081,0.00033716694451868534,9,19,ok
4,40,10,0.5,0.022098359608803863,4.23133919488454e-05,0.0,0.0,0.6653874999610707,0.6649486250244081,0.00043887493666261435,9,19,ok
42,40,10,0.5,0.022098359608803863,4.23133919488454e-05,0.0,0.0,0.6653238750295714,0.6649486250244081,0.00037525000516325235,9,19,ok
0,40,20,0.5,0.022098359608803863,4.23133919488454e-05,0.0,0.0,0.5913375419331715,0.5906988749047741,0.0006386670283973217,8,18,ok
1,40,20,0.5,0.022098359608803863,4.23133919488454e-05,0.0,0.0,0.5910723329288885,0.5906988749047741,0.00037345802411437035,8,18,ok
2,40,20,0.5,0.022098359608803863,4.23133919488454e-05,0.0,0.0,0.5910738748498261,0.5906988749047741,0.0003749999450519681,8,18,ok
3,40,20,0.5,0.022098359608803863,4.23133919488454e-05,0.0,0.0,0.5910960409091786,0.5906988749047741,0.0003971660044044256,8,18,ok
4,40,20,0.5,0.022098359608803863,4.23133919488454e-05,0.0,0.0,0.5910854589892551,0.5906988749047741,0.0003865840844810009,8,18,ok
42,40,20,0.5,0.022098359608803863,4.23133919488454e-05,0.0,0.0,0.5910547078819945,0.5906988749047741,0.00035583297722041607,8,18,ok
0,40,30,0.5,0.022098359608803863,4.23133919488454e-05,0.0,0.0,0.6120102079585195,0.611403749906458,0.0006064580520614982,8,18,ok
1,40,30,0.5,0.022098359608803863,4.23133919488454e-05,0.0,0.0,0.611787041882053,0.611403749906458,0.000383291975595057,8,18,ok
2,40,30,0.5,0.022098359608803863,4.23133919488454e-05,0.0,0.0,0.6117671668762341,0.611403749906458,0.00036341696977615356,8,18,ok
3,40,30,0.5,0.022098359608803863,4.23133919488454e-05,0.0,0.0,0.6118200409691781,0.611403749906458,0.00041629106272011995,8,18,ok
4,40,30,0.5,0.022098359608803863,4.23133919488454e-05,0.0,0.0,0.6117898748489097,0.611403749906458,0.00038612494245171547,8,18,ok
42,40,30,0.5,0.022098359608803863,4.23133919488454e-05,0.0,0.0,0.6117632078239694,0.611403749906458,0.00035945791751146317,8,18,ok
0,40,40,0.5,0.022098359608803863,4.23133919488454e-05,0.0,0.0,0.6514377500861883,0.6508787500206381,0.0005590000655502081,6,10,ok
1,40,40,0.5,0.022098359608803863,4.23133919488454e-05,0.0,0.0,0.6511807090137154,0.6508787500206381,0.00030195899307727814,6,10,ok
2,40,40,0.5,0.022098359608803863,4.23133919488454e-05,0.0,0.0,0.6511662499979138,0.6508787500206381,0.0002874999772757292,6,10,ok
3,40,40,0.5,0.022098359608803863,4.23133919488454e-05,0.0,0.0,0.6511721670394763,0.6508787500206381,0.0002934170188382268,6,10,ok
4,40,40,0.5,0.022098359608803863,4.23133919488454e-05,0.0,0.0,0.6512222090968862,0.6508787500206381,0.00034345907624810934,6,10,ok
42,40,40,0.5,0.022098359608803863,4.23133919488454e-05,0.0,0.0,0.6511592079186812,0.6508787500206381,0.00028045789804309607,6,10,ok
0,40,50,0.5,0.022098359608803863,4.23133919488454e-05,0.0,0.0,0.8733051249291748,0.8726508748950437,0.0006542500341311097,6,10,ok
1,40,50,0.5,0.022098359608803863,4.23133919488454e-05,0.0,0.0,0.8729667908046395,0.8726508748950437,0.0003159159095957875,6,10,ok
2,40,50,0.5,0.022098359608803863,4.23133919488454e-05,0.0,0.0,0.872938415966928,0.8726508748950437,0.0002875410718843341,6,10,ok
3,40,50,0.5,0.022098359608803863,4.23133919488454e-05,0.0,0.0,0.8729374158428982,0.8726508748950437,0.0002865409478545189,6,10,ok
4,40,50,0.5,0.022098359608803863,4.23133919488454e-05,0.0,0.0,0.8731114579131827,0.8726508748950437,0.0004605830181390047,6,10,ok
42,40,50,0.5,0.022098359608803863,4.23133919488454e-05,0.0,0.0,0.8729300409322605,0.8726508748950437,0.00027916603721678257,6,10,ok
0,50,0,0.5,0.022098359608803863,4.23133919488454e-05,0.0,0.0,2.415966667002067,2.4120095419930294,0.003957125009037554,32,495,ok
1,50,0,0.5,0.022098359608803863,4.23133919488454e-05,0.0,0.0,2.4153584589948878,2.4120095419930294,0.0033489170018583536,32,495,ok
2,50,0,0.5,0.022098359608803863,4.23133919488454e-05,0.0,0.0,2.4152475009905174,2.4120095419930294,0.003237958997488022,32,495,ok
3,50,0,0.5,0.022098359608803863,4.23133919488454e-05,0.0,0.0,2.415380041929893,2.4120095419930294,0.00337049993686378,32,495,ok
4,50,0,0.5,0.022098359608803863,4.23133919488454e-05,0.0,0.0,2.414926917059347,2.4120095419930294,0.002917375066317618,32,495,ok
42,50,0,0.5,0.022098359608803863,4.23133919488454e-05,0.0,0.0,2.4160570420790464,2.4120095419930294,0.004047500086016953,32,495,ok
0,50,10,0.5,0.022098359608803863,4.23133919488454e-05,0.0,0.0,2.456258042016998,2.4529245829908177,0.0033334590261802077,32,445,ok
1,50,10,0.5,0.022098359608803863,4.23133919488454e-05,0.0,0.0,2.4557673329254612,2.4529245829908177,0.002842749934643507,32,445,ok
2,50,10,0.5,0.022098359608803863,4.23133919488454e-05,0.0,0.0,2.455462874029763,2.4529245829908177,0.0025382910389453173,32,445,ok
3,50,10,0.5,0.022098359608803863,4.23133919488454e-05,0.0,0.0,2.456139040994458,2.4529245829908177,0.003214458003640175,32,445,ok
4,50,10,0.5,0.022098359608803863,4.23133919488454e-05,0.0,0.0,2.455714707961306,2.4529245829908177,0.0027901249704882503,32,445,ok
42,50,10,0.5,0.022098359608803863,4.23133919488454e-05,0.0,0.0,2.4559057489968836,2.4529245829908177,0.002981166006065905,32,445,ok
0,50,20,0.5,0.022098359608803863,4.23133919488454e-05,0.0,0.0,2.564841124927625,2.5616258749505505,0.0032152499770745635,30,360,ok
1,50,20,0.5,0.022098359608803863,4.23133919488454e-05,0.0,0.0,2.564448041957803,2.5616258749505505,0.002822167007252574,30,360,ok
2,50,20,0.5,0.022098359608803863,4.23133919488454e-05,0.0,0.0,2.5644282499561086,2.5616258749505505,0.002802375005558133,30,360,ok
3,50,20,0.5,0.022098359608803863,4.23133919488454e-05,0.0,0.0,2.564571416936815,2.5616258749505505,0.0029455419862642884,30,360,ok
4,50,20,0.5,0.022098359608803863,4.23133919488454e-05,0.0,0.0,2.5641484998632222,2.5616258749505505,0.002522624912671745,30,360,ok
42,50,20,0.5,0.022098359608803863,4.23133919488454e-05,0.0,0.0,2.5644731658976525,2.5616258749505505,0.0028472909471020103,30,360,ok
0,50,30,0.5,0.022098359608803863,4.23133919488454e-05,0.0,0.0,2.3293311251327395,2.3267130000749603,0.0026181250577792525,30,278,ok
1,50,30,0.5,0.022098359608803863,4.23133919488454e-05,0.0,0.0,2.3292569590266794,2.3267130000749603,0.0025439589517191052,30,278,ok
2,50,30,0.5,0.022098359608803863,4.23133919488454e-05,0.0,0.0,2.3290310001466423,2.3267130000749603,0.002318000071682036,30,278,ok
3,50,30,0.5,0.022098359608803863,4.23133919488454e-05,0.0,0.0,2.329280250123702,2.3267130000749603,0.0025672500487416983,30,278,ok
4,50,30,0.5,0.022098359608803863,4.23133919488454e-05,0.0,0.0,2.3289719581371173,2.3267130000749603,0.002258958062157035,30,278,ok
42,50,30,0.5,0.022098359608803863,4.23133919488454e-05,0.0,0.0,2.32922725006938,2.3267130000749603,0.002514249994419515,30,278,ok
0,50,40,0.5,0.022098359608803863,4.23133919488454e-05,0.0,0.0,2.012752001057379,2.0103537919931114,0.0023982090642675757,30,278,ok
1,50,40,0.5,0.022098359608803863,4.23133919488454e-05,0.0,0.0,2.0124075419735163,2.0103537919931114,0.002053749980404973,30,278,ok
2,50,40,0.5,0.022098359608803863,4.23133919488454e-05,0.0,0.0,2.01249095890671,2.0103537919931114,0.002137166913598776,30,278,ok
3,50,40,0.5,0.022098359608803863,4.23133919488454e-05,0.0,0.0,2.0125070420326665,2.0103537919931114,0.0021532500395551324,30,278,ok
4,50,40,0.5,0.022098359608803863,4.23133919488454e-05,0.0,0.0,2.0124961260007694,2.0103537919931114,0.0021423340076580644,30,278,ok
42,50,40,0.5,0.022098359608803863,4.23133919488454e-05,0.0,0.0,2.0127148329047486,2.0103537919931114,0.0023610409116372466,30,278,ok
0,50,50,0.5,0.022098359608803863,4.23133919488454e-05,0.0,0.0,1.9488593749701977,1.946872083004564,0.0019872919656336308,30,194,ok
1,50,50,0.5,0.022098359608803863,4.23133919488454e-05,0.0,0.0,1.9486585829872638,1.946872083004564,0.0017864999826997519,30,194,ok
2,50,50,0.5,0.022098359608803863,4.23133919488454e-05,0.0,0.0,1.9490490830503404,1.946872083004564,0.002177000045776367,30,194,ok
3,50,50,0.5,0.022098359608803863,4.23133919488454e-05,0.0,0.0,1.9486224990105256,1.946872083004564,0.001750416005961597,30,194,ok
4,50,50,0.5,0.022098359608803863,4.23133919488454e-05,0.0,0.0,1.9486262920545414,1.946872083004564,0.0017542090499773622,30,194,ok
42,50,50,0.5,0.022098359608803863,4.23133919488454e-05,0.0,0.0,1.9484251670073718,1.946872083004564,0.0015530840028077364,30,194,ok
